utc,host_ns,host_rel_ms,hardware_us,direction,phase,probe_index,repeat_index,probe_family_hex,probe_token_hex,can_id_hex,family_hex,token_hex,dlc,data_hex,status_code,status_text,tx_ok,latency_ms
2026-09-28T12:42:04.062+00:00,218719765000000,10578.0,,TX,probe_tx,1,2,0014,C82D,0014C82D,0014,C82D,5,01 00 00 2D C8,0,No Error,1,0.0
2026-09-28T12:42:06.874+00:00,218722578000000,13391.0,,TX,probe_tx,2,3,0014,C82D,0014C82D,0014,C82D,5,01 00 00 2D C8,0,No Error,1,0.0
2026-09-28T12:42:09.687+00:00,218725390000000,16203.0,,TX,probe_tx,3,2,0013,C82D,0013C82D,0013,C82D,5,01 00 00 2D C8,0,No Error,1,0.0
2026-09-28T12:42:12.499+00:00,218728203000000,19016.0,,TX,probe_tx,4,2,0012,C82D,0012C82D,0012,C82D,5,01 00 00 2D C8,0,No Error,1,0.0
2026-09-28T12:42:15.312+00:00,218731015000000,21828.0,,TX,probe_tx,5,3,0015,C82D,0015C82D,0015,C82D,5,01 00 00 2D C8,0,No Error,1,0.0
2026-09-28T12:42:18.124+00:00,218733828000000,24641.0,,TX,probe_tx,6,3,0013,C82D,0013C82D,0013,C82D,5,01 00 00 2D C8,0,No Error,1,0.0
2026-09-28T12:42:20.937+00:00,218736640000000,27453.0,,TX,probe_tx,7,2,0010,C82D,0010C82D,0010,C82D,5,01 00 00 2D C8,0,No Error,1,0.0
2026-09-28T12:42:23.750+00:00,218739453000000,30266.0,,TX,probe_tx,8,1,0013,C82D,0013C82D,0013,C82D,5,01 00 00 2D C8,0,No Error,1,0.0
2026-09-28T12:42:26.562+00:00,218742265000000,33078.0,,TX,probe_tx,9,2,0015,C82D,0015C82D,0015,C82D,5,01 00 00 2D C8,0,No Error,1,0.0
2026-09-28T12:42:29.375+00:00,218745078000000,35891.0,,TX,probe_tx,10,1,0014,C82D,0014C82D,0014,C82D,5,01 00 00 2D C8,0,No Error,1,0.0
2026-09-28T12:42:32.186+00:00,218747890000000,38703.0,,TX,probe_tx,11,1,0015,C82D,0015C82D,0015,C82D,5,01 00 00 2D C8,0,No Error,1,0.0
