utc,trial,condition,probe_family_hex,probe_token_hex,tx_can_id_hex,tx_data_hex,tx_ok,baseline_frames,pre_frames,post_frames,post_error_frames,response_frames,response_ids,response_addresses,distinct_response_payloads,first_response_latency_ms,last_response_latency_ms,response_burst_ms,late_response_frames,baseline_0011_frames,baseline_0001_0011_pairs,operator_display,operator_comm_icon,operator_pump_state,operator_pressure_bar,operator_notes
2026-09-30T13:12:04.703Z,1,stopped,0011,C82D,0011C82D,01 00 00 2D C8,True,6052,800,2001,0,0,,,0,,,,0,3026,3025,,none,stopped,3.2,
2026-09-30T13:13:55.638Z,2,stopped,0012,C82D,0012C82D,01 00 00 2D C8,True,6052,801,2035,0,32,103C0401:15 | 103C0481:17,1,3,12.93,93.253,80.323,0,3026,3025,blinked once at the beginning of the test,none,stopped,3.2,
2026-09-30T13:15:24.437Z,3,stopped,0811,C82D,0811C82D,01 00 00 2D C8,True,6052,801,2003,0,0,,,0,,,,0,3026,3025,,none,stopped,3.2,
2026-09-30T13:16:53.800Z,4,stopped,0812,C82D,0812C82D,01 00 00 2D C8,True,6052,800,2037,0,34,103C0401:17 | 103C0481:17,1,3,12.172,92.306,80.134,0,3026,3025,Blinked at beginning of the test,none,Stopped,3.2,
2026-09-30T13:18:12.265Z,5,stopped,0019,C82D,0019C82D,01 00 00 2D C8,True,6052,800,2001,0,0,,,0,,,,0,3026,3025,,none,Stopped,3.2,
2026-09-30T13:19:19.977Z,6,stopped,0011,C82D,0011C82D,01 00 00 2D C8,True,6052,800,2001,0,0,,,0,,,,0,3026,3025,,none,Stopped,3.2,
2026-09-30T13:20:31.652Z,7,stopped,0012,C82D,0012C82D,01 00 00 2D C8,True,6052,800,2037,0,34,103C0401:17 | 103C0481:17,1,2,12.712,92.848,80.136,0,3026,3025,Blinked at beginning of the test,none,Stopped,3.2,
2026-09-30T13:21:42.583Z,8,stopped,0811,C82D,0811C82D,01 00 00 2D C8,True,6052,800,2001,0,0,,,0,,,,0,3026,3025,,none,Stopped,3.2,
2026-09-30T13:22:51.420Z,9,stopped,0812,C82D,0812C82D,01 00 00 2D C8,True,6052,800,2035,0,34,103C0401:17 | 103C0481:17,1,3,9.537,89.561,80.024,0,3026,3025,Blinked at beginning of the test,none,Stopped,3.2,
2026-09-30T13:24:03.684Z,10,stopped,0019,C82D,0019C82D,01 00 00 2D C8,True,6052,802,2001,0,0,,,0,,,,0,3026,3025,,none,Stopped,3.2,
2026-09-30T13:25:16.867Z,11,stopped,0011,C82D,0011C82D,01 00 00 2D C8,True,6052,800,2001,0,0,,,0,,,,0,3026,3025,,none,Stopped,3.2,
2026-09-30T13:26:31.272Z,12,stopped,0012,C82D,0012C82D,01 00 00 2D C8,True,6052,800,2035,0,34,103C0401:17 | 103C0481:17,1,2,11.756,91.911,80.155,0,3026,3025,Blinked at beginning of the test,none,Stopped,3.2,
2026-09-30T13:27:41.755Z,13,stopped,0811,C82D,0811C82D,01 00 00 2D C8,True,6052,800,2001,0,0,,,0,,,,0,3026,3025,,none,Stopped,3.2,
2026-09-30T13:28:51.738Z,14,stopped,0812,C82D,0812C82D,01 00 00 2D C8,True,6052,800,2035,0,34,103C0401:17 | 103C0481:17,1,3,8.56,88.803,80.243,0,3026,3025,Blinked at beginning of the test,none,Stopped,3.2,
2026-09-30T13:30:00.942Z,15,stopped,0019,C82D,0019C82D,01 00 00 2D C8,True,6052,800,2001,0,0,,,0,,,,0,3026,3025,,none,Stopped,3.2,
