utc,host_rel_ms,phase,operator_N,operator_VP_bar,operator_feedback,mechanical_pressure_bar,communication_icon,pump_state,display_message,notes
2026-09-29T14:09:43.632Z,39541.251,T14_baseline,,2.0,recorded,,,,,
2026-09-29T14:10:30.115Z,86024.135,T14_address_3_active,Error,2.0,recorded,,,,,
2026-09-29T14:11:41.018Z,156926.371,T14_recovery,1,2.0,recorded,,,,,
2026-09-29T14:12:33.031Z,208938.608,T15_baseline,1,2.0,recorded,,,,,
2026-09-29T14:12:51.122Z,227029.189,T15_address_3_active,1,2.0,recorded,,,,,
2026-09-29T14:13:08.424Z,244330.773,T15_addresses_3_5_active,2,0.0,recorded,,,,,
2026-09-29T14:13:24.043Z,259950.724,T15_address_3_only_after_5_stop,1,2.0,recorded,,,,,
2026-09-29T14:13:38.067Z,273973.448,T15_recovery,1,2.0,recorded,,,,,
2026-09-29T14:13:59.773Z,295679.757,T16_baseline,1,2.0,recorded,,,,,
2026-09-29T14:14:15.345Z,311251.398,T16_address_2_active,1,2.0,recorded,,,,,
2026-09-29T14:14:28.804Z,324710.293,T16_addresses_2_3_active,2,0.0,recorded,,,,,
2026-09-29T14:14:44.955Z,340861.246,T16_address_2_only_after_3_stop,1,2.0,recorded,,,,,
2026-09-29T14:15:00.337Z,356242.647,T16_recovery,1,2.0,recorded,,,,,
2026-09-29T14:15:18.996Z,374901.372,T17_baseline,1,2.0,recorded,,,,,
2026-09-29T14:15:34.521Z,390426.126,T17_address_3_pre_process,1,2.0,recorded,,,,,
2026-09-29T14:17:41.601Z,517504.837,T17_five_minute_process,1,2.4,recorded,,,,,
2026-09-29T14:18:36.669Z,572571.757,T17_five_minute_process,1,2.5,recorded,,,,,
2026-09-29T14:19:34.564Z,630466.832,T17_five_minute_process,Xx,,recorded,,,,,
