utc,host_rel_ms,phase,target_type,target_value,pump_command,pump_state,setpoint_bar,display_pressure_bar,mechanical_pressure_bar,frequency_hz,motor_current_a,display_message,notes
2026-09-30T07:08:14.250Z,63500.0,P4_state_01_pump_off_0_0bar,state_label,pump_off_0.0bar,kan niet,SB 3.1 bar,3.0,3.1,3.1,0.0,0.0,,
2026-09-30T07:08:59.401Z,108656.0,P4_state_01_pump_off_0_0bar,state_label,pump_off_0.0bar,,SB,,3.1,3.1,,,,Display showed wait...
2026-09-30T07:09:35.015Z,144266.0,P4_state_02_pump_on_2_0bar,state_label,pump_on_2.0bar,Kan niet 3.1 bar,SB @ 3.1bar,3.1,3.1,3.1,0.0,0.0,,
2026-09-30T07:09:58.259Z,167516.0,P4_state_02_pump_on_2_0bar,state_label,pump_on_2.0bar,,,,,,,,,
2026-09-30T07:10:00.560Z,169812.0,P4_state_03_pump_on_2_2bar,state_label,pump_on_2.2bar,,,,,,,,,
2026-09-30T07:10:05.160Z,174422.0,P4_state_03_pump_on_2_2bar,state_label,pump_on_2.2bar,,,,,,,,,
2026-09-30T07:10:05.162Z,174422.0,P4_state_04_pump_on_2_5bar,state_label,pump_on_2.5bar,,,,,,,,,
2026-09-30T07:10:05.164Z,174422.0,P4_state_04_pump_on_2_5bar,state_label,pump_on_2.5bar,,,,,,,,,
2026-09-30T07:10:05.165Z,174422.0,P4_state_05_pump_off_final,state_label,pump_off_final,,,,,,,,,
