utc,host_rel_ms,phase,poll_id,state_label,target_pressure_bar,tx_can_id_hex,tx_data_hex,tx_ok,response_window_s,response_frames,response_ids,distinct_response_payloads,response_payloads,first_response_latency_ms,last_response_latency_ms
2026-09-30T07:08:15.253Z,64516.0,P4_state_01_pump_off_0_0bar,poll_00001,pump_off_0.0bar,0.0,0012C82D,01 00 00 2D C8,1,1.0,32,103C0401:15 | 103C0481:17,3,00 00 00 00 00 10 58 14 || 00 00 00 00 00 10 59 14 || 00 00 00 01,0.0,78.0
2026-09-30T07:08:20.254Z,69516.0,P4_state_01_pump_off_0_0bar,poll_00002,pump_off_0.0bar,0.0,0012C82D,01 00 00 2D C8,1,1.0,34,103C0401:17 | 103C0481:17,3,00 00 00 00 00 10 58 14 || 00 00 00 00 00 10 59 14 || 00 00 00 01,15.0,93.0
2026-09-30T07:08:25.257Z,74516.0,P4_state_01_pump_off_0_0bar,poll_00003,pump_off_0.0bar,0.0,0012C82D,01 00 00 2D C8,1,1.0,34,103C0401:17 | 103C0481:17,3,00 00 00 00 00 10 58 14 || 00 00 00 00 00 10 59 14 || 00 00 00 01,0.0,93.0
2026-09-30T07:08:30.257Z,79516.0,P4_state_01_pump_off_0_0bar,poll_00004,pump_off_0.0bar,0.0,0012C82D,01 00 00 2D C8,1,1.0,34,103C0401:17 | 103C0481:17,3,00 00 00 00 00 10 57 14 || 00 00 00 00 00 10 58 14 || 00 00 00 01,0.0,93.0
2026-09-30T07:08:35.260Z,84516.0,P4_state_01_pump_off_0_0bar,poll_00005,pump_off_0.0bar,0.0,0012C82D,01 00 00 2D C8,1,1.0,34,103C0401:17 | 103C0481:17,3,00 00 00 00 00 10 58 14 || 00 00 00 00 00 10 59 14 || 00 00 00 01,15.0,93.0
2026-09-30T07:09:36.018Z,145281.0,P4_state_02_pump_on_2_0bar,poll_00006,pump_on_2.0bar,2.0,0012C82D,01 00 00 2D C8,1,1.0,34,103C0401:17 | 103C0481:17,3,00 00 00 00 00 10 57 14 || 00 00 00 00 00 10 58 14 || 00 00 00 01,0.0,78.0
2026-09-30T07:09:41.018Z,150281.0,P4_state_02_pump_on_2_0bar,poll_00007,pump_on_2.0bar,2.0,0012C82D,01 00 00 2D C8,1,1.0,34,103C0401:17 | 103C0481:17,3,00 00 00 00 00 10 57 14 || 00 00 00 00 00 10 58 14 || 00 00 00 01,16.0,94.0
2026-09-30T07:09:46.020Z,155281.0,P4_state_02_pump_on_2_0bar,poll_00008,pump_on_2.0bar,2.0,0012C82D,01 00 00 2D C8,1,1.0,34,103C0401:17 | 103C0481:17,3,00 00 00 00 00 10 58 14 || 00 00 00 00 00 10 59 14 || 00 00 00 01,0.0,78.0
2026-09-30T07:09:51.020Z,160281.0,P4_state_02_pump_on_2_0bar,poll_00009,pump_on_2.0bar,2.0,0012C82D,01 00 00 2D C8,1,1.0,34,103C0401:17 | 103C0481:17,3,00 00 00 00 00 10 57 14 || 00 00 00 00 00 10 58 14 || 00 00 00 01,0.0,78.0
2026-09-30T07:09:56.020Z,165281.0,P4_state_02_pump_on_2_0bar,poll_00010,pump_on_2.0bar,2.0,0012C82D,01 00 00 2D C8,1,1.0,34,103C0401:17 | 103C0481:17,3,00 00 00 00 00 10 58 14 || 00 00 00 00 00 10 59 14 || 00 00 00 01,0.0,78.0
2026-09-30T07:10:01.550Z,170812.0,P4_state_03_pump_on_2_2bar,poll_00011,pump_on_2.2bar,2.2,0012C82D,01 00 00 2D C8,1,1.0,34,103C0401:17 | 103C0481:17,3,00 00 00 00 00 10 58 14 || 00 00 00 00 00 10 59 14 || 00 00 00 01,16.0,94.0
2026-09-30T07:10:05.159Z,174422.0,P4_state_03_pump_on_2_2bar,poll_00012,pump_on_2.2bar,2.2,0012C82D,01 00 00 2D C8,1,1.0,0,,0,,,
2026-09-30T07:10:05.159Z,174422.0,P4_state_03_pump_on_2_2bar,poll_00013,pump_on_2.2bar,2.2,0012C82D,01 00 00 2D C8,1,1.0,0,,0,,,
2026-09-30T07:10:05.159Z,174422.0,P4_state_03_pump_on_2_2bar,poll_00014,pump_on_2.2bar,2.2,0012C82D,01 00 00 2D C8,1,1.0,0,,0,,,
2026-09-30T07:10:05.160Z,174422.0,P4_state_03_pump_on_2_2bar,poll_00015,pump_on_2.2bar,2.2,0012C82D,01 00 00 2D C8,1,1.0,0,,0,,,
2026-09-30T07:10:05.162Z,174422.0,P4_state_04_pump_on_2_5bar,poll_00016,pump_on_2.5bar,2.5,0012C82D,01 00 00 2D C8,1,1.0,0,,0,,,
2026-09-30T07:10:05.162Z,174422.0,P4_state_04_pump_on_2_5bar,poll_00017,pump_on_2.5bar,2.5,0012C82D,01 00 00 2D C8,1,1.0,0,,0,,,
2026-09-30T07:10:05.163Z,174422.0,P4_state_04_pump_on_2_5bar,poll_00018,pump_on_2.5bar,2.5,0012C82D,01 00 00 2D C8,1,1.0,0,,0,,,
2026-09-30T07:10:05.163Z,174422.0,P4_state_04_pump_on_2_5bar,poll_00019,pump_on_2.5bar,2.5,0012C82D,01 00 00 2D C8,1,1.0,0,,0,,,
2026-09-30T07:10:05.163Z,174422.0,P4_state_04_pump_on_2_5bar,poll_00020,pump_on_2.5bar,2.5,0012C82D,01 00 00 2D C8,1,1.0,0,,0,,,
2026-09-30T07:10:05.165Z,174422.0,P4_state_05_pump_off_final,poll_00021,pump_off_final,,0012C82D,01 00 00 2D C8,1,1.0,0,,0,,,
2026-09-30T07:10:05.166Z,174422.0,P4_state_05_pump_off_final,poll_00022,pump_off_final,,0012C82D,01 00 00 2D C8,1,1.0,0,,0,,,
2026-09-30T07:10:05.166Z,174422.0,P4_state_05_pump_off_final,poll_00023,pump_off_final,,0012C82D,01 00 00 2D C8,1,1.0,0,,0,,,
2026-09-30T07:10:05.166Z,174422.0,P4_state_05_pump_off_final,poll_00024,pump_off_final,,0012C82D,01 00 00 2D C8,1,1.0,0,,0,,,
2026-09-30T07:10:05.167Z,174422.0,P4_state_05_pump_off_final,poll_00025,pump_off_final,,0012C82D,01 00 00 2D C8,1,1.0,0,,0,,,
