utc,ad,repeat,predicted_status_id,predicted_data_id,observed_103c_ids,observed_payloads,prediction_matched
2026-09-30T07:10:56.941Z,1,1,103C0401,103C0481,103C0401 | 103C0481,00 00 00 00 00 10 57 14 || 00 00 00 00 00 10 58 14 || 00 00 00 01,1
2026-09-30T07:10:57.957Z,1,2,103C0401,103C0481,103C0401 | 103C0481,00 00 00 00 00 10 58 14 || 00 00 00 00 00 10 59 14 || 00 00 00 01,1
2026-09-30T07:10:58.973Z,1,3,103C0401,103C0481,103C0401 | 103C0481,00 00 00 00 00 10 58 14 || 00 00 00 00 00 10 59 14 || 00 00 00 01,1
2026-09-30T07:11:16.787Z,2,1,103C0411,103C0491,103C0411 | 103C0491,00 00 00 00 00 10 58 24 || 00 00 00 00 00 10 59 24 || 00 00 00 02,1
2026-09-30T07:11:17.802Z,2,2,103C0411,103C0491,103C0411 | 103C0491,00 00 00 00 00 10 57 24 || 00 00 00 00 00 10 58 24 || 00 00 00 02 || 00 00 10 02,1
2026-09-30T07:11:18.817Z,2,3,103C0411,103C0491,103C0411 | 103C0491,00 00 00 00 00 10 58 24 || 00 00 00 02 || 00 00 10 02,1
2026-09-30T07:11:33.082Z,3,1,103C0421,103C04A1,103C0421 | 103C04A1,00 00 00 00 00 10 58 34 || 00 00 00 03,1
2026-09-30T07:11:34.098Z,3,2,103C0421,103C04A1,103C0421 | 103C04A1,00 00 00 00 00 10 57 34 || 00 00 00 00 00 10 58 34 || 00 00 00 03 || 00 00 20 03,1
2026-09-30T07:11:35.116Z,3,3,103C0421,103C04A1,103C0421 | 103C04A1,00 00 00 00 00 10 58 34 || 00 00 00 00 00 10 59 34 || 00 00 00 03 || 00 00 20 03,1
2026-09-30T07:11:47.348Z,4,1,103C0431,103C04B1,103C0431 | 103C04B1,00 00 00 00 00 10 58 44 || 00 00 00 00 00 10 59 44 || 00 00 00 04,1
2026-09-30T07:11:48.363Z,4,2,103C0431,103C04B1,103C0431 | 103C04B1,00 00 00 00 00 10 58 44 || 00 00 00 00 00 10 59 44 || 00 00 00 04 || 00 00 30 04,1
2026-09-30T07:11:49.380Z,4,3,103C0431,103C04B1,103C0431 | 103C04B1,00 00 00 00 00 10 57 44 || 00 00 00 00 00 10 58 44 || 00 00 00 00 00 10 59 44 || 00 00 00 04 || 00 00 30 04,1
2026-09-30T07:12:02.319Z,5,1,103C0441,103C04C1,103C0441 | 103C04C1,00 00 00 00 00 10 57 54 || 00 00 00 00 00 10 58 54 || 00 00 00 00 00 10 59 54 || 00 00 00 05,1
2026-09-30T07:12:03.331Z,5,2,103C0441,103C04C1,103C0441 | 103C04C1,00 00 00 00 00 10 58 54 || 00 00 00 05 || 00 00 40 05,1
2026-09-30T07:12:04.350Z,5,3,103C0441,103C04C1,103C0441 | 103C04C1,00 00 00 00 00 10 57 54 || 00 00 00 00 00 10 58 54 || 00 00 00 05 || 00 00 40 05,1
2026-09-30T07:12:17.036Z,6,1,103C0451,103C04D1,103C0451 | 103C04D1,00 00 00 00 00 10 57 64 || 00 00 00 00 00 10 58 64 || 00 00 00 06,1
2026-09-30T07:12:18.053Z,6,2,103C0451,103C04D1,103C0451 | 103C04D1,00 00 00 00 00 10 58 64 || 00 00 00 06 || 00 00 50 06,1
2026-09-30T07:12:19.068Z,6,3,103C0451,103C04D1,103C0451 | 103C04D1,00 00 00 00 00 10 57 64 || 00 00 00 00 00 10 58 64 || 00 00 00 06 || 00 00 50 06,1
2026-09-30T07:12:30.269Z,7,1,103C0461,103C04E1,103C0461 | 103C04E1,00 00 00 00 00 10 57 74 || 00 00 00 00 00 10 58 74 || 00 00 00 07,1
2026-09-30T07:12:31.285Z,7,2,103C0461,103C04E1,103C0461 | 103C04E1,00 00 00 00 00 10 57 74 || 00 00 00 00 00 10 58 74 || 00 00 00 07 || 00 00 60 07,1
2026-09-30T07:12:32.302Z,7,3,103C0461,103C04E1,103C0461 | 103C04E1,00 00 00 00 00 10 57 74 || 00 00 00 00 00 10 58 74 || 00 00 00 07 || 00 00 60 07,1
2026-09-30T07:13:00.617Z,8,1,103C0471,103C04F1,103C0471 | 103C04F1,00 00 00 00 00 10 57 84 || 00 00 00 00 00 10 58 84 || 00 00 00 08,1
2026-09-30T07:13:01.634Z,8,2,103C0471,103C04F1,103C0471 | 103C04F1,00 00 00 00 00 10 58 84 || 00 00 00 08 || 00 00 10 08 || 00 00 70 08,1
2026-09-30T07:13:02.645Z,8,3,103C0471,103C04F1,103C0471 | 103C04F1,00 00 00 00 00 10 57 84 || 00 00 00 00 00 10 58 84 || 00 00 00 08 || 00 00 10 08 || 00 00 70 08,1
