utc,host_rel_ms,adapter,direction,phase,probe_index,probe_family_hex,can_id_hex,family_hex,token_hex,extended,dlc,data_hex,status
2026-09-29T21:28:24.784Z,11172.0,injector,TX,ad_1_repeat_1,0,0012,0012C82D,0012,C82D,1,5,01 00 00 2D C8,OK
2026-09-29T21:28:24.787Z,11172.0,observer,RX,ad_1_repeat_1,0,,00000004,0000,0004,0,4,01 06 00 00,OK
2026-09-29T21:28:24.787Z,11172.0,observer,RX,ad_1_repeat_1,0,,00000004,0000,0004,0,4,01 06 00 00,OK
2026-09-29T21:28:24.787Z,11172.0,observer,RX,ad_1_repeat_1,0,,00000004,0000,0004,0,4,01 06 00 00,OK
2026-09-29T21:28:24.787Z,11172.0,observer,RX,ad_1_repeat_1,0,,00000004,0000,0004,0,4,01 06 00 00,OK
2026-09-29T21:28:24.787Z,11172.0,observer,RX,ad_1_repeat_1,0,,00000004,0000,0004,0,4,01 06 00 00,OK
2026-09-29T21:28:24.787Z,11172.0,observer,RX,ad_1_repeat_1,0,,00000004,0000,0004,0,4,01 06 00 00,OK
2026-09-29T21:28:24.787Z,11172.0,observer,RX,ad_1_repeat_1,0,,00000004,0000,0004,0,4,01 06 00 00,OK
2026-09-29T21:28:24.787Z,11172.0,observer,RX,ad_1_repeat_1,0,,00000004,0000,0004,0,4,01 06 00 00,OK
2026-09-29T21:28:24.787Z,11172.0,observer,RX,ad_1_repeat_1,0,,00000004,0000,0004,0,4,01 06 00 00,OK
2026-09-29T21:28:24.788Z,11172.0,observer,RX,ad_1_repeat_1,0,,00000004,0000,0004,0,4,01 06 00 00,OK
2026-09-29T21:28:24.788Z,11172.0,observer,RX,ad_1_repeat_1,0,,00000004,0000,0004,0,4,01 06 00 00,OK
2026-09-29T21:28:24.788Z,11172.0,observer,RX,ad_1_repeat_1,0,,00000004,0000,0004,0,4,01 06 00 00,OK
2026-09-29T21:28:24.788Z,11172.0,observer,RX,ad_1_repeat_1,0,,00000004,0000,0004,0,4,01 06 00 00,OK
2026-09-29T21:28:24.788Z,11172.0,observer,RX,ad_1_repeat_1,0,,00000004,0000,0004,0,4,01 06 00 00,OK
2026-09-29T21:28:24.788Z,11172.0,observer,RX,ad_1_repeat_1,0,,00000004,0000,0004,0,4,01 06 00 00,OK
2026-09-29T21:28:24.788Z,11172.0,observer,RX,ad_1_repeat_1,0,,00000004,0000,0004,0,4,01 06 00 00,OK
2026-09-29T21:28:24.788Z,11172.0,observer,RX,ad_1_repeat_1,0,,00000004,0000,0004,0,4,01 06 00 00,OK
2026-09-29T21:28:24.788Z,11172.0,observer,RX,ad_1_repeat_1,0,,00000004,0000,0004,0,4,01 06 00 00,OK
2026-09-29T21:28:24.788Z,11172.0,observer,RX,ad_1_repeat_1,0,,00000004,0000,0004,0,4,01 06 00 00,OK
2026-09-29T21:28:24.788Z,11172.0,observer,RX,ad_1_repeat_1,0,,00000004,0000,0004,0,4,01 06 00 00,OK
2026-09-29T21:28:24.788Z,11172.0,observer,RX,ad_1_repeat_1,0,,00000004,0000,0004,0,4,01 06 00 00,OK
2026-09-29T21:28:24.788Z,11172.0,observer,RX,ad_1_repeat_1,0,,00000004,0000,0004,0,4,01 06 00 00,OK
2026-09-29T21:28:24.788Z,11172.0,observer,RX,ad_1_repeat_1,0,,00000004,0000,0004,0,4,01 06 00 00,OK
2026-09-29T21:28:24.788Z,11172.0,observer,RX,ad_1_repeat_1,0,,00000004,0000,0004,0,4,01 06 00 00,OK
2026-09-29T21:28:24.789Z,11172.0,observer,RX,ad_1_repeat_1,0,,00000004,0000,0004,0,4,01 06 00 00,OK
2026-09-29T21:28:24.789Z,11172.0,observer,RX,ad_1_repeat_1,0,,00000004,0000,0004,0,4,01 06 00 00,OK
2026-09-29T21:28:24.789Z,11172.0,observer,RX,ad_1_repeat_1,0,,00000004,0000,0004,0,4,01 06 00 00,OK
2026-09-29T21:28:24.789Z,11172.0,observer,RX,ad_1_repeat_1,0,,00000004,0000,0004,0,4,01 06 00 00,OK
2026-09-29T21:28:24.789Z,11172.0,observer,RX,ad_1_repeat_1,0,,00000004,0000,0004,0,4,01 06 00 00,OK
2026-09-29T21:28:24.789Z,11172.0,observer,RX,ad_1_repeat_1,0,,00000004,0000,0004,0,4,01 06 00 00,OK
2026-09-29T21:28:24.790Z,11172.0,observer,RX,ad_1_repeat_1,0,,00000004,0000,0004,0,4,01 06 00 00,OK
2026-09-29T21:28:24.790Z,11172.0,observer,RX,ad_1_repeat_1,0,,00000004,0000,0004,0,4,01 06 00 00,OK
2026-09-29T21:28:24.790Z,11172.0,observer,RX,ad_1_repeat_1,0,,00000004,0000,0004,0,4,01 06 00 00,OK
2026-09-29T21:28:24.790Z,11172.0,observer,RX,ad_1_repeat_1,0,,00000004,0000,0004,0,4,01 06 00 00,OK
2026-09-29T21:28:24.790Z,11172.0,observer,RX,ad_1_repeat_1,0,,00000004,0000,0004,0,4,01 06 00 00,OK
2026-09-29T21:28:24.790Z,11172.0,observer,RX,ad_1_repeat_1,0,,00000004,0000,0004,0,4,01 06 00 00,OK
2026-09-29T21:28:24.790Z,11172.0,observer,RX,ad_1_repeat_1,0,,00000004,0000,0004,0,4,01 06 00 00,OK
2026-09-29T21:28:24.790Z,11172.0,observer,RX,ad_1_repeat_1,0,,00000004,0000,0004,0,4,01 06 00 00,OK
2026-09-29T21:28:24.790Z,11172.0,observer,RX,ad_1_repeat_1,0,,00000004,0000,0004,0,4,01 06 00 00,OK
2026-09-29T21:28:24.790Z,11172.0,observer,RX,ad_1_repeat_1,0,,00000004,0000,0004,0,4,01 06 00 00,OK
2026-09-29T21:28:24.790Z,11172.0,observer,RX,ad_1_repeat_1,0,,00000004,0000,0004,0,4,01 06 00 00,OK
2026-09-29T21:28:24.790Z,11172.0,observer,RX,ad_1_repeat_1,0,,00000004,0000,0004,0,4,01 06 00 00,OK
2026-09-29T21:28:24.790Z,11172.0,observer,RX,ad_1_repeat_1,0,,00000004,0000,0004,0,4,01 06 00 00,OK
2026-09-29T21:28:24.790Z,11172.0,observer,RX,ad_1_repeat_1,0,,00000004,0000,0004,0,4,01 06 00 00,OK
2026-09-29T21:28:24.791Z,11172.0,observer,RX,ad_1_repeat_1,0,,00000004,0000,0004,0,4,01 06 00 00,OK
2026-09-29T21:28:24.791Z,11172.0,observer,RX,ad_1_repeat_1,0,,00000004,0000,0004,0,4,01 06 00 00,OK
2026-09-29T21:28:24.791Z,11172.0,observer,RX,ad_1_repeat_1,0,,00000004,0000,0004,0,4,01 06 00 00,OK
2026-09-29T21:28:24.791Z,11172.0,observer,RX,ad_1_repeat_1,0,,00000004,0000,0004,0,4,01 06 00 00,OK
2026-09-29T21:28:24.792Z,11172.0,observer,RX,ad_1_repeat_1,0,,00000004,0000,0004,0,4,01 06 00 00,OK
2026-09-29T21:28:24.792Z,11172.0,observer,RX,ad_1_repeat_1,0,,00000004,0000,0004,0,4,01 06 00 00,OK
2026-09-29T21:28:24.792Z,11172.0,observer,RX,ad_1_repeat_1,0,,00000004,0000,0004,0,4,01 06 00 00,OK
2026-09-29T21:28:24.792Z,11172.0,observer,RX,ad_1_repeat_1,0,,00000004,0000,0004,0,4,01 06 00 00,OK
2026-09-29T21:28:24.792Z,11172.0,observer,RX,ad_1_repeat_1,0,,00000004,0000,0004,0,4,01 06 00 00,OK
2026-09-29T21:28:24.792Z,11172.0,observer,RX,ad_1_repeat_1,0,,00000004,0000,0004,0,4,01 06 00 00,OK
2026-09-29T21:28:24.792Z,11172.0,observer,RX,ad_1_repeat_1,0,,00000004,0000,0004,0,4,01 06 00 00,OK
2026-09-29T21:28:24.792Z,11172.0,observer,RX,ad_1_repeat_1,0,,00000004,0000,0004,0,4,01 06 00 00,OK
2026-09-29T21:28:24.792Z,11172.0,observer,RX,ad_1_repeat_1,0,,00000004,0000,0004,0,4,01 06 00 00,OK
2026-09-29T21:28:24.793Z,11172.0,observer,RX,ad_1_repeat_1,0,,00000004,0000,0004,0,4,01 06 00 00,OK
2026-09-29T21:28:24.793Z,11172.0,observer,RX,ad_1_repeat_1,0,,00000004,0000,0004,0,4,01 06 00 00,OK
2026-09-29T21:28:24.793Z,11172.0,observer,RX,ad_1_repeat_1,0,,00000004,0000,0004,0,4,01 06 00 00,OK
2026-09-29T21:28:24.793Z,11172.0,observer,RX,ad_1_repeat_1,0,,00000004,0000,0004,0,4,01 06 00 00,OK
2026-09-29T21:28:24.793Z,11172.0,observer,RX,ad_1_repeat_1,0,,00000004,0000,0004,0,4,01 06 00 00,OK
2026-09-29T21:28:24.793Z,11172.0,observer,RX,ad_1_repeat_1,0,,00000004,0000,0004,0,4,01 06 00 00,OK
2026-09-29T21:28:24.793Z,11172.0,observer,RX,ad_1_repeat_1,0,,00000004,0000,0004,0,4,01 06 00 00,OK
2026-09-29T21:28:24.793Z,11172.0,observer,RX,ad_1_repeat_1,0,,00000004,0000,0004,0,4,01 06 00 00,OK
2026-09-29T21:28:24.793Z,11172.0,observer,RX,ad_1_repeat_1,0,,00000004,0000,0004,0,4,01 06 00 00,OK
2026-09-29T21:28:24.793Z,11172.0,observer,RX,ad_1_repeat_1,0,,00000004,0000,0004,0,4,01 06 00 00,OK
2026-09-29T21:28:24.793Z,11172.0,observer,RX,ad_1_repeat_1,0,,00000004,0000,0004,0,4,01 06 00 00,OK
2026-09-29T21:28:24.793Z,11172.0,observer,RX,ad_1_repeat_1,0,,00000004,0000,0004,0,4,01 06 00 00,OK
2026-09-29T21:28:24.793Z,11172.0,observer,RX,ad_1_repeat_1,0,,00000004,0000,0004,0,4,01 06 00 00,OK
2026-09-29T21:28:24.793Z,11172.0,observer,RX,ad_1_repeat_1,0,,00000004,0000,0004,0,4,01 06 00 00,OK
2026-09-29T21:28:24.793Z,11172.0,observer,RX,ad_1_repeat_1,0,,00000004,0000,0004,0,4,01 06 00 00,OK
2026-09-29T21:28:24.795Z,11172.0,observer,RX,ad_1_repeat_1,0,,00000004,0000,0004,0,4,01 06 00 00,OK
2026-09-29T21:28:24.795Z,11172.0,observer,RX,ad_1_repeat_1,0,,00000004,0000,0004,0,4,01 06 00 00,OK
2026-09-29T21:28:24.795Z,11172.0,observer,RX,ad_1_repeat_1,0,,00000004,0000,0004,0,4,01 06 00 00,OK
2026-09-29T21:28:24.795Z,11172.0,observer,RX,ad_1_repeat_1,0,,00000004,0000,0004,0,4,01 06 00 00,OK
2026-09-29T21:28:24.795Z,11172.0,observer,RX,ad_1_repeat_1,0,,00000004,0000,0004,0,4,01 06 00 00,OK
2026-09-29T21:28:24.796Z,11172.0,observer,RX,ad_1_repeat_1,0,,00000004,0000,0004,0,4,01 06 00 00,OK
2026-09-29T21:28:24.796Z,11172.0,observer,RX,ad_1_repeat_1,0,,00000004,0000,0004,0,4,01 06 00 00,OK
2026-09-29T21:28:24.796Z,11172.0,observer,RX,ad_1_repeat_1,0,,00000004,0000,0004,0,4,01 06 00 00,OK
2026-09-29T21:28:24.796Z,11172.0,observer,RX,ad_1_repeat_1,0,,00000004,0000,0004,0,4,01 06 00 00,OK
2026-09-29T21:28:24.796Z,11172.0,observer,RX,ad_1_repeat_1,0,,00000004,0000,0004,0,4,01 06 00 00,OK
2026-09-29T21:28:24.796Z,11172.0,observer,RX,ad_1_repeat_1,0,,00000004,0000,0004,0,4,01 06 00 00,OK
2026-09-29T21:28:24.796Z,11172.0,observer,RX,ad_1_repeat_1,0,,00000004,0000,0004,0,4,01 06 00 00,OK
2026-09-29T21:28:24.796Z,11172.0,observer,RX,ad_1_repeat_1,0,,00000004,0000,0004,0,4,01 06 00 00,OK
2026-09-29T21:28:24.796Z,11172.0,observer,RX,ad_1_repeat_1,0,,00000004,0000,0004,0,4,01 06 00 00,OK
2026-09-29T21:28:24.796Z,11172.0,observer,RX,ad_1_repeat_1,0,,00000004,0000,0004,0,4,01 06 00 00,OK
2026-09-29T21:28:24.796Z,11172.0,observer,RX,ad_1_repeat_1,0,,00000004,0000,0004,0,4,01 06 00 00,OK
2026-09-29T21:28:24.796Z,11172.0,observer,RX,ad_1_repeat_1,0,,00000004,0000,0004,0,4,01 06 00 00,OK
2026-09-29T21:28:24.796Z,11172.0,observer,RX,ad_1_repeat_1,0,,00000004,0000,0004,0,4,01 06 00 00,OK
2026-09-29T21:28:24.796Z,11172.0,observer,RX,ad_1_repeat_1,0,,00000004,0000,0004,0,4,01 06 00 00,OK
2026-09-29T21:28:24.796Z,11172.0,observer,RX,ad_1_repeat_1,0,,00000004,0000,0004,0,4,01 06 00 00,OK
2026-09-29T21:28:24.796Z,11172.0,observer,RX,ad_1_repeat_1,0,,00000004,0000,0004,0,4,01 06 00 00,OK
2026-09-29T21:28:24.796Z,11172.0,observer,RX,ad_1_repeat_1,0,,00000004,0000,0004,0,4,01 06 00 00,OK
2026-09-29T21:28:24.797Z,11172.0,observer,RX,ad_1_repeat_1,0,,00000004,0000,0004,0,4,01 06 00 00,OK
2026-09-29T21:28:24.797Z,11187.0,observer,RX,ad_1_repeat_1,0,,00000004,0000,0004,0,4,01 06 00 00,OK
2026-09-29T21:28:24.798Z,11187.0,observer,RX,ad_1_repeat_1,0,,00000004,0000,0004,0,4,01 06 00 00,OK
2026-09-29T21:28:24.798Z,11187.0,observer,RX,ad_1_repeat_1,0,,00000004,0000,0004,0,4,01 06 00 00,OK
2026-09-29T21:28:24.799Z,11187.0,observer,RX,ad_1_repeat_1,0,,00000004,0000,0004,0,4,01 06 00 00,OK
2026-09-29T21:28:24.799Z,11187.0,observer,RX,ad_1_repeat_1,0,,00000004,0000,0004,0,4,01 06 00 00,OK
2026-09-29T21:28:24.799Z,11187.0,observer,RX,ad_1_repeat_1,0,,00000004,0000,0004,0,4,01 06 00 00,OK
2026-09-29T21:28:24.799Z,11187.0,observer,RX,ad_1_repeat_1,0,,00000004,0000,0004,0,4,01 06 00 00,OK
2026-09-29T21:28:24.799Z,11187.0,observer,RX,ad_1_repeat_1,0,,00000004,0000,0004,0,4,01 06 00 00,OK
2026-09-29T21:28:24.799Z,11187.0,observer,RX,ad_1_repeat_1,0,,00000004,0000,0004,0,4,01 06 00 00,OK
2026-09-29T21:28:24.799Z,11187.0,observer,RX,ad_1_repeat_1,0,,00000004,0000,0004,0,4,01 06 00 00,OK
2026-09-29T21:28:24.799Z,11187.0,observer,RX,ad_1_repeat_1,0,,00000004,0000,0004,0,4,01 06 00 00,OK
2026-09-29T21:28:24.799Z,11187.0,observer,RX,ad_1_repeat_1,0,,00000004,0000,0004,0,4,01 06 00 00,OK
2026-09-29T21:28:24.799Z,11187.0,observer,RX,ad_1_repeat_1,0,,00000004,0000,0004,0,4,01 06 00 00,OK
2026-09-29T21:28:24.799Z,11187.0,observer,RX,ad_1_repeat_1,0,,00000004,0000,0004,0,4,01 06 00 00,OK
2026-09-29T21:28:24.799Z,11187.0,observer,RX,ad_1_repeat_1,0,,00000004,0000,0004,0,4,01 06 00 00,OK
2026-09-29T21:28:24.799Z,11187.0,observer,RX,ad_1_repeat_1,0,,00000004,0000,0004,0,4,01 06 00 00,OK
2026-09-29T21:28:24.799Z,11187.0,observer,RX,ad_1_repeat_1,0,,00000004,0000,0004,0,4,01 06 00 00,OK
2026-09-29T21:28:24.799Z,11187.0,observer,RX,ad_1_repeat_1,0,,00000004,0000,0004,0,4,01 06 00 00,OK
2026-09-29T21:28:24.799Z,11187.0,observer,RX,ad_1_repeat_1,0,,00000004,0000,0004,0,4,01 06 00 00,OK
2026-09-29T21:28:24.799Z,11187.0,observer,RX,ad_1_repeat_1,0,,00000004,0000,0004,0,4,01 06 00 00,OK
2026-09-29T21:28:24.800Z,11187.0,observer,RX,ad_1_repeat_1,0,,00000004,0000,0004,0,4,01 06 00 00,OK
2026-09-29T21:28:24.800Z,11187.0,observer,RX,ad_1_repeat_1,0,,00000004,0000,0004,0,4,01 06 00 00,OK
2026-09-29T21:28:24.800Z,11187.0,observer,RX,ad_1_repeat_1,0,,00000004,0000,0004,0,4,01 06 00 00,OK
2026-09-29T21:28:24.800Z,11187.0,observer,RX,ad_1_repeat_1,0,,00000004,0000,0004,0,4,01 06 00 00,OK
2026-09-29T21:28:24.800Z,11187.0,observer,RX,ad_1_repeat_1,0,,00000004,0000,0004,0,4,01 06 00 00,OK
2026-09-29T21:28:24.802Z,11187.0,observer,RX,ad_1_repeat_1,0,,00000004,0000,0004,0,4,01 06 00 00,OK
2026-09-29T21:28:24.802Z,11187.0,observer,RX,ad_1_repeat_1,0,,00000004,0000,0004,0,4,01 06 00 00,OK
2026-09-29T21:28:24.802Z,11187.0,observer,RX,ad_1_repeat_1,0,,00000004,0000,0004,0,4,01 06 00 00,OK
2026-09-29T21:28:24.802Z,11187.0,observer,RX,ad_1_repeat_1,0,,00000004,0000,0004,0,4,01 06 00 00,OK
2026-09-29T21:28:24.802Z,11187.0,observer,RX,ad_1_repeat_1,0,,00000004,0000,0004,0,4,01 06 00 00,OK
2026-09-29T21:28:24.802Z,11187.0,observer,RX,ad_1_repeat_1,0,,00000004,0000,0004,0,4,01 06 00 00,OK
2026-09-29T21:28:24.802Z,11187.0,observer,RX,ad_1_repeat_1,0,,00000004,0000,0004,0,4,01 06 00 00,OK
2026-09-29T21:28:24.802Z,11187.0,observer,RX,ad_1_repeat_1,0,,00000004,0000,0004,0,4,01 06 00 00,OK
2026-09-29T21:28:24.802Z,11187.0,observer,RX,ad_1_repeat_1,0,,00000004,0000,0004,0,4,01 06 00 00,OK
2026-09-29T21:28:24.802Z,11187.0,observer,RX,ad_1_repeat_1,0,,00000004,0000,0004,0,4,01 06 00 00,OK
2026-09-29T21:28:24.802Z,11187.0,observer,RX,ad_1_repeat_1,0,,00000004,0000,0004,0,4,01 06 00 00,OK
2026-09-29T21:28:24.802Z,11187.0,observer,RX,ad_1_repeat_1,0,,00000004,0000,0004,0,4,01 06 00 00,OK
2026-09-29T21:28:24.802Z,11187.0,observer,RX,ad_1_repeat_1,0,,00000004,0000,0004,0,4,01 06 00 00,OK
2026-09-29T21:28:24.802Z,11187.0,observer,RX,ad_1_repeat_1,0,,00000004,0000,0004,0,4,01 06 00 00,OK
2026-09-29T21:28:24.802Z,11187.0,observer,RX,ad_1_repeat_1,0,,00000004,0000,0004,0,4,01 06 00 00,OK
2026-09-29T21:28:24.803Z,11187.0,observer,RX,ad_1_repeat_1,0,,00000004,0000,0004,0,4,01 06 00 00,OK
2026-09-29T21:28:24.803Z,11187.0,observer,RX,ad_1_repeat_1,0,,00000004,0000,0004,0,4,01 06 00 00,OK
2026-09-29T21:28:24.803Z,11187.0,observer,RX,ad_1_repeat_1,0,,00000004,0000,0004,0,4,01 06 00 00,OK
2026-09-29T21:28:24.803Z,11187.0,observer,RX,ad_1_repeat_1,0,,00000004,0000,0004,0,4,01 06 00 00,OK
2026-09-29T21:28:24.803Z,11187.0,observer,RX,ad_1_repeat_1,0,,00000004,0000,0004,0,4,01 06 00 00,OK
2026-09-29T21:28:24.803Z,11187.0,observer,RX,ad_1_repeat_1,0,,00000004,0000,0004,0,4,01 06 00 00,OK
2026-09-29T21:28:24.803Z,11187.0,observer,RX,ad_1_repeat_1,0,,00000004,0000,0004,0,4,01 06 00 00,OK
2026-09-29T21:28:24.803Z,11187.0,observer,RX,ad_1_repeat_1,0,,00000004,0000,0004,0,4,01 06 00 00,OK
2026-09-29T21:28:24.803Z,11187.0,observer,RX,ad_1_repeat_1,0,,00000004,0000,0004,0,4,01 06 00 00,OK
2026-09-29T21:28:24.805Z,11187.0,observer,RX,ad_1_repeat_1,0,,00000004,0000,0004,0,4,01 06 00 00,OK
2026-09-29T21:28:24.805Z,11187.0,observer,RX,ad_1_repeat_1,0,,00000004,0000,0004,0,4,01 06 00 00,OK
2026-09-29T21:28:24.805Z,11187.0,observer,RX,ad_1_repeat_1,0,,00000004,0000,0004,0,4,01 06 00 00,OK
2026-09-29T21:28:24.805Z,11187.0,observer,RX,ad_1_repeat_1,0,,00000004,0000,0004,0,4,01 06 00 00,OK
2026-09-29T21:28:24.805Z,11187.0,observer,RX,ad_1_repeat_1,0,,00000004,0000,0004,0,4,01 06 00 00,OK
2026-09-29T21:28:24.805Z,11187.0,observer,RX,ad_1_repeat_1,0,,00000004,0000,0004,0,4,01 06 00 00,OK
2026-09-29T21:28:24.805Z,11187.0,observer,RX,ad_1_repeat_1,0,,00000004,0000,0004,0,4,01 06 00 00,OK
2026-09-29T21:28:24.805Z,11187.0,observer,RX,ad_1_repeat_1,0,,00000004,0000,0004,0,4,01 06 00 00,OK
2026-09-29T21:28:24.805Z,11187.0,observer,RX,ad_1_repeat_1,0,,00000004,0000,0004,0,4,01 06 00 00,OK
2026-09-29T21:28:24.805Z,11187.0,observer,RX,ad_1_repeat_1,0,,00000004,0000,0004,0,4,01 06 00 00,OK
2026-09-29T21:28:24.805Z,11187.0,observer,RX,ad_1_repeat_1,0,,00000004,0000,0004,0,4,01 06 00 00,OK
2026-09-29T21:28:24.805Z,11187.0,observer,RX,ad_1_repeat_1,0,,00000004,0000,0004,0,4,01 06 00 00,OK
2026-09-29T21:28:24.805Z,11187.0,observer,RX,ad_1_repeat_1,0,,00000004,0000,0004,0,4,01 06 00 00,OK
2026-09-29T21:28:24.806Z,11187.0,observer,RX,ad_1_repeat_1,0,,00000004,0000,0004,0,4,01 06 00 00,OK
2026-09-29T21:28:24.806Z,11187.0,observer,RX,ad_1_repeat_1,0,,00000004,0000,0004,0,4,01 06 00 00,OK
2026-09-29T21:28:24.806Z,11187.0,observer,RX,ad_1_repeat_1,0,,00000004,0000,0004,0,4,01 06 00 00,OK
2026-09-29T21:28:24.806Z,11187.0,observer,RX,ad_1_repeat_1,0,,00000004,0000,0004,0,4,01 06 00 00,OK
2026-09-29T21:28:24.806Z,11187.0,observer,RX,ad_1_repeat_1,0,,00000004,0000,0004,0,4,01 06 00 00,OK
2026-09-29T21:28:24.806Z,11187.0,observer,RX,ad_1_repeat_1,0,,00000004,0000,0004,0,4,01 06 00 00,OK
2026-09-29T21:28:24.806Z,11187.0,observer,RX,ad_1_repeat_1,0,,00000004,0000,0004,0,4,01 06 00 00,OK
2026-09-29T21:28:24.806Z,11187.0,observer,RX,ad_1_repeat_1,0,,00000004,0000,0004,0,4,01 06 00 00,OK
2026-09-29T21:28:24.806Z,11187.0,observer,RX,ad_1_repeat_1,0,,00000004,0000,0004,0,4,01 06 00 00,OK
2026-09-29T21:28:24.806Z,11187.0,observer,RX,ad_1_repeat_1,0,,00000004,0000,0004,0,4,01 06 00 00,OK
2026-09-29T21:28:24.806Z,11187.0,observer,RX,ad_1_repeat_1,0,,00000004,0000,0004,0,4,01 06 00 00,OK
2026-09-29T21:28:24.808Z,11187.0,observer,RX,ad_1_repeat_1,0,,00000004,0000,0004,0,4,01 06 00 00,OK
2026-09-29T21:28:24.808Z,11187.0,observer,RX,ad_1_repeat_1,0,,00000004,0000,0004,0,4,01 06 00 00,OK
2026-09-29T21:28:24.808Z,11187.0,observer,RX,ad_1_repeat_1,0,,00000004,0000,0004,0,4,01 06 00 00,OK
2026-09-29T21:28:24.808Z,11187.0,observer,RX,ad_1_repeat_1,0,,00000004,0000,0004,0,4,01 06 00 00,OK
2026-09-29T21:28:24.808Z,11187.0,observer,RX,ad_1_repeat_1,0,,00000004,0000,0004,0,4,01 06 00 00,OK
2026-09-29T21:28:24.808Z,11187.0,observer,RX,ad_1_repeat_1,0,,00000004,0000,0004,0,4,01 06 00 00,OK
2026-09-29T21:28:24.808Z,11187.0,observer,RX,ad_1_repeat_1,0,,00000004,0000,0004,0,4,01 06 00 00,OK
2026-09-29T21:28:24.808Z,11187.0,observer,RX,ad_1_repeat_1,0,,00000004,0000,0004,0,4,01 06 00 00,OK
2026-09-29T21:28:24.808Z,11187.0,observer,RX,ad_1_repeat_1,0,,00000004,0000,0004,0,4,01 06 00 00,OK
2026-09-29T21:28:24.808Z,11187.0,observer,RX,ad_1_repeat_1,0,,00000004,0000,0004,0,4,01 06 00 00,OK
2026-09-29T21:28:24.809Z,11187.0,observer,RX,ad_1_repeat_1,0,,00000004,0000,0004,0,4,01 06 00 00,OK
2026-09-29T21:28:24.809Z,11187.0,observer,RX,ad_1_repeat_1,0,,00000004,0000,0004,0,4,01 06 00 00,OK
2026-09-29T21:28:24.809Z,11187.0,observer,RX,ad_1_repeat_1,0,,00000004,0000,0004,0,4,01 06 00 00,OK
2026-09-29T21:28:24.809Z,11187.0,observer,RX,ad_1_repeat_1,0,,00000004,0000,0004,0,4,01 06 00 00,OK
2026-09-29T21:28:24.809Z,11187.0,observer,RX,ad_1_repeat_1,0,,00000004,0000,0004,0,4,01 06 00 00,OK
2026-09-29T21:28:24.809Z,11187.0,observer,RX,ad_1_repeat_1,0,,00000004,0000,0004,0,4,01 06 00 00,OK
2026-09-29T21:28:24.809Z,11187.0,observer,RX,ad_1_repeat_1,0,,00000004,0000,0004,0,4,01 06 00 00,OK
2026-09-29T21:28:24.809Z,11187.0,observer,RX,ad_1_repeat_1,0,,00000004,0000,0004,0,4,01 06 00 00,OK
2026-09-29T21:28:24.809Z,11187.0,observer,RX,ad_1_repeat_1,0,,00000004,0000,0004,0,4,01 06 00 00,OK
2026-09-29T21:28:24.809Z,11187.0,observer,RX,ad_1_repeat_1,0,,00000004,0000,0004,0,4,01 06 00 00,OK
2026-09-29T21:28:24.809Z,11187.0,observer,RX,ad_1_repeat_1,0,,00000004,0000,0004,0,4,01 06 00 00,OK
2026-09-29T21:28:24.809Z,11187.0,observer,RX,ad_1_repeat_1,0,,00000004,0000,0004,0,4,01 06 00 00,OK
2026-09-29T21:28:24.809Z,11187.0,observer,RX,ad_1_repeat_1,0,,00000004,0000,0004,0,4,01 06 00 00,OK
2026-09-29T21:28:24.809Z,11187.0,observer,RX,ad_1_repeat_1,0,,00000004,0000,0004,0,4,01 06 00 00,OK
2026-09-29T21:28:24.811Z,11187.0,observer,RX,ad_1_repeat_1,0,,00000004,0000,0004,0,4,01 06 00 00,OK
2026-09-29T21:28:24.811Z,11187.0,observer,RX,ad_1_repeat_1,0,,00000004,0000,0004,0,4,01 06 00 00,OK
2026-09-29T21:28:24.811Z,11187.0,observer,RX,ad_1_repeat_1,0,,00000004,0000,0004,0,4,01 06 00 00,OK
2026-09-29T21:28:24.811Z,11187.0,observer,RX,ad_1_repeat_1,0,,00000004,0000,0004,0,4,01 06 00 00,OK
2026-09-29T21:28:24.811Z,11187.0,observer,RX,ad_1_repeat_1,0,,00000004,0000,0004,0,4,01 06 00 00,OK
2026-09-29T21:28:24.811Z,11187.0,observer,RX,ad_1_repeat_1,0,,00000004,0000,0004,0,4,01 06 00 00,OK
2026-09-29T21:28:24.811Z,11187.0,observer,RX,ad_1_repeat_1,0,,00000004,0000,0004,0,4,01 06 00 00,OK
2026-09-29T21:28:24.811Z,11187.0,observer,RX,ad_1_repeat_1,0,,00000004,0000,0004,0,4,01 06 00 00,OK
2026-09-29T21:28:24.811Z,11187.0,observer,RX,ad_1_repeat_1,0,,00000004,0000,0004,0,4,01 06 00 00,OK
2026-09-29T21:28:24.811Z,11187.0,observer,RX,ad_1_repeat_1,0,,00000004,0000,0004,0,4,01 06 00 00,OK
2026-09-29T21:28:24.811Z,11187.0,observer,RX,ad_1_repeat_1,0,,00000004,0000,0004,0,4,01 06 00 00,OK
2026-09-29T21:28:24.812Z,11187.0,observer,RX,ad_1_repeat_1,0,,00000004,0000,0004,0,4,01 06 00 00,OK
2026-09-29T21:28:24.812Z,11187.0,observer,RX,ad_1_repeat_1,0,,00000004,0000,0004,0,4,01 06 00 00,OK
2026-09-29T21:28:24.812Z,11187.0,observer,RX,ad_1_repeat_1,0,,00000004,0000,0004,0,4,01 06 00 00,OK
2026-09-29T21:28:24.812Z,11187.0,observer,RX,ad_1_repeat_1,0,,00000004,0000,0004,0,4,01 06 00 00,OK
2026-09-29T21:28:24.812Z,11187.0,observer,RX,ad_1_repeat_1,0,,00000004,0000,0004,0,4,01 06 00 00,OK
2026-09-29T21:28:24.812Z,11187.0,observer,RX,ad_1_repeat_1,0,,00000004,0000,0004,0,4,01 06 00 00,OK
2026-09-29T21:28:24.812Z,11187.0,observer,RX,ad_1_repeat_1,0,,00000004,0000,0004,0,4,01 06 00 00,OK
2026-09-29T21:28:24.812Z,11187.0,observer,RX,ad_1_repeat_1,0,,00000004,0000,0004,0,4,01 06 00 00,OK
2026-09-29T21:28:24.812Z,11187.0,observer,RX,ad_1_repeat_1,0,,00000004,0000,0004,0,4,01 06 00 00,OK
2026-09-29T21:28:24.812Z,11187.0,observer,RX,ad_1_repeat_1,0,,00000004,0000,0004,0,4,01 06 00 00,OK
2026-09-29T21:28:24.812Z,11187.0,observer,RX,ad_1_repeat_1,0,,00000004,0000,0004,0,4,01 06 00 00,OK
2026-09-29T21:28:24.812Z,11187.0,observer,RX,ad_1_repeat_1,0,,00000004,0000,0004,0,4,01 06 00 00,OK
2026-09-29T21:28:24.812Z,11187.0,observer,RX,ad_1_repeat_1,0,,00000004,0000,0004,0,4,01 06 00 00,OK
2026-09-29T21:28:24.814Z,11203.0,observer,RX,ad_1_repeat_1,0,,00000004,0000,0004,0,4,01 06 00 00,OK
2026-09-29T21:28:24.814Z,11203.0,observer,RX,ad_1_repeat_1,0,,00000004,0000,0004,0,4,01 06 00 00,OK
2026-09-29T21:28:24.814Z,11203.0,observer,RX,ad_1_repeat_1,0,,00000004,0000,0004,0,4,01 06 00 00,OK
2026-09-29T21:28:24.814Z,11203.0,observer,RX,ad_1_repeat_1,0,,00000004,0000,0004,0,4,01 06 00 00,OK
2026-09-29T21:28:24.814Z,11203.0,observer,RX,ad_1_repeat_1,0,,00000004,0000,0004,0,4,01 06 00 00,OK
2026-09-29T21:28:24.814Z,11203.0,observer,RX,ad_1_repeat_1,0,,00000004,0000,0004,0,4,01 06 00 00,OK
2026-09-29T21:28:24.814Z,11203.0,observer,RX,ad_1_repeat_1,0,,00000004,0000,0004,0,4,01 06 00 00,OK
2026-09-29T21:28:24.814Z,11203.0,observer,RX,ad_1_repeat_1,0,,00000004,0000,0004,0,4,01 06 00 00,OK
2026-09-29T21:28:24.814Z,11203.0,observer,RX,ad_1_repeat_1,0,,00000004,0000,0004,0,4,01 06 00 00,OK
2026-09-29T21:28:24.814Z,11203.0,observer,RX,ad_1_repeat_1,0,,00000004,0000,0004,0,4,01 06 00 00,OK
2026-09-29T21:28:24.815Z,11203.0,observer,RX,ad_1_repeat_1,0,,00000004,0000,0004,0,4,01 06 00 00,OK
2026-09-29T21:28:24.815Z,11203.0,observer,RX,ad_1_repeat_1,0,,00000004,0000,0004,0,4,01 06 00 00,OK
2026-09-29T21:28:24.815Z,11203.0,observer,RX,ad_1_repeat_1,0,,00000004,0000,0004,0,4,01 06 00 00,OK
2026-09-29T21:28:24.815Z,11203.0,observer,RX,ad_1_repeat_1,0,,00000004,0000,0004,0,4,01 06 00 00,OK
2026-09-29T21:28:24.815Z,11203.0,observer,RX,ad_1_repeat_1,0,,00000004,0000,0004,0,4,01 06 00 00,OK
2026-09-29T21:28:24.815Z,11203.0,observer,RX,ad_1_repeat_1,0,,00000004,0000,0004,0,4,01 06 00 00,OK
2026-09-29T21:28:24.815Z,11203.0,observer,RX,ad_1_repeat_1,0,,00000004,0000,0004,0,4,01 06 00 00,OK
2026-09-29T21:28:24.815Z,11203.0,observer,RX,ad_1_repeat_1,0,,00000004,0000,0004,0,4,01 06 00 00,OK
2026-09-29T21:28:24.815Z,11203.0,observer,RX,ad_1_repeat_1,0,,00000004,0000,0004,0,4,01 06 00 00,OK
2026-09-29T21:28:24.815Z,11203.0,observer,RX,ad_1_repeat_1,0,,00000004,0000,0004,0,4,01 06 00 00,OK
2026-09-29T21:28:24.815Z,11203.0,observer,RX,ad_1_repeat_1,0,,00000004,0000,0004,0,4,01 06 00 00,OK
2026-09-29T21:28:24.815Z,11203.0,observer,RX,ad_1_repeat_1,0,,00000004,0000,0004,0,4,01 06 00 00,OK
2026-09-29T21:28:24.815Z,11203.0,observer,RX,ad_1_repeat_1,0,,00000004,0000,0004,0,4,01 06 00 00,OK
2026-09-29T21:28:24.815Z,11203.0,observer,RX,ad_1_repeat_1,0,,00000004,0000,0004,0,4,01 06 00 00,OK
2026-09-29T21:28:24.817Z,11203.0,observer,RX,ad_1_repeat_1,0,,00000004,0000,0004,0,4,01 06 00 00,OK
2026-09-29T21:28:24.817Z,11203.0,observer,RX,ad_1_repeat_1,0,,00000004,0000,0004,0,4,01 06 00 00,OK
2026-09-29T21:28:24.817Z,11203.0,observer,RX,ad_1_repeat_1,0,,00000004,0000,0004,0,4,01 06 00 00,OK
2026-09-29T21:28:24.817Z,11203.0,observer,RX,ad_1_repeat_1,0,,00000004,0000,0004,0,4,01 06 00 00,OK
2026-09-29T21:28:24.817Z,11203.0,observer,RX,ad_1_repeat_1,0,,00000004,0000,0004,0,4,01 06 00 00,OK
2026-09-29T21:28:24.817Z,11203.0,observer,RX,ad_1_repeat_1,0,,00000004,0000,0004,0,4,01 06 00 00,OK
2026-09-29T21:28:24.817Z,11203.0,observer,RX,ad_1_repeat_1,0,,00000004,0000,0004,0,4,01 06 00 00,OK
2026-09-29T21:28:24.817Z,11203.0,observer,RX,ad_1_repeat_1,0,,00000004,0000,0004,0,4,01 06 00 00,OK
2026-09-29T21:28:24.817Z,11203.0,observer,RX,ad_1_repeat_1,0,,00000004,0000,0004,0,4,01 06 00 00,OK
2026-09-29T21:28:24.817Z,11203.0,observer,RX,ad_1_repeat_1,0,,00000004,0000,0004,0,4,01 06 00 00,OK
2026-09-29T21:28:24.817Z,11203.0,observer,RX,ad_1_repeat_1,0,,00000004,0000,0004,0,4,01 06 00 00,OK
2026-09-29T21:28:24.817Z,11203.0,observer,RX,ad_1_repeat_1,0,,00000004,0000,0004,0,4,01 06 00 00,OK
2026-09-29T21:28:24.817Z,11203.0,observer,RX,ad_1_repeat_1,0,,00000004,0000,0004,0,4,01 06 00 00,OK
2026-09-29T21:28:24.818Z,11203.0,observer,RX,ad_1_repeat_1,0,,00000004,0000,0004,0,4,01 06 00 00,OK
2026-09-29T21:28:24.818Z,11203.0,observer,RX,ad_1_repeat_1,0,,00000004,0000,0004,0,4,01 06 00 00,OK
2026-09-29T21:28:24.818Z,11203.0,observer,RX,ad_1_repeat_1,0,,00000004,0000,0004,0,4,01 06 00 00,OK
2026-09-29T21:28:24.818Z,11203.0,observer,RX,ad_1_repeat_1,0,,00000004,0000,0004,0,4,01 06 00 00,OK
2026-09-29T21:28:24.818Z,11203.0,observer,RX,ad_1_repeat_1,0,,00000004,0000,0004,0,4,01 06 00 00,OK
2026-09-29T21:28:24.818Z,11203.0,observer,RX,ad_1_repeat_1,0,,00000004,0000,0004,0,4,01 06 00 00,OK
2026-09-29T21:28:24.818Z,11203.0,observer,RX,ad_1_repeat_1,0,,00000004,0000,0004,0,4,01 06 00 00,OK
2026-09-29T21:28:24.818Z,11203.0,observer,RX,ad_1_repeat_1,0,,00000004,0000,0004,0,4,01 06 00 00,OK
2026-09-29T21:28:24.818Z,11203.0,observer,RX,ad_1_repeat_1,0,,00000004,0000,0004,0,4,01 06 00 00,OK
2026-09-29T21:28:24.818Z,11203.0,observer,RX,ad_1_repeat_1,0,,00000004,0000,0004,0,4,01 06 00 00,OK
2026-09-29T21:28:24.818Z,11203.0,observer,RX,ad_1_repeat_1,0,,00000004,0000,0004,0,4,01 06 00 00,OK
2026-09-29T21:28:24.820Z,11203.0,observer,RX,ad_1_repeat_1,0,,00000004,0000,0004,0,4,01 06 00 00,OK
2026-09-29T21:28:24.820Z,11203.0,observer,RX,ad_1_repeat_1,0,,00000004,0000,0004,0,4,01 06 00 00,OK
2026-09-29T21:28:24.820Z,11203.0,observer,RX,ad_1_repeat_1,0,,00000004,0000,0004,0,4,01 06 00 00,OK
2026-09-29T21:28:24.820Z,11203.0,observer,RX,ad_1_repeat_1,0,,00000004,0000,0004,0,4,01 06 00 00,OK
2026-09-29T21:28:24.820Z,11203.0,observer,RX,ad_1_repeat_1,0,,00000004,0000,0004,0,4,01 06 00 00,OK
2026-09-29T21:28:24.820Z,11203.0,observer,RX,ad_1_repeat_1,0,,00000004,0000,0004,0,4,01 06 00 00,OK
2026-09-29T21:28:24.820Z,11203.0,observer,RX,ad_1_repeat_1,0,,00000004,0000,0004,0,4,01 06 00 00,OK
2026-09-29T21:28:24.820Z,11203.0,observer,RX,ad_1_repeat_1,0,,00000004,0000,0004,0,4,01 06 00 00,OK
2026-09-29T21:28:24.820Z,11203.0,observer,RX,ad_1_repeat_1,0,,00000004,0000,0004,0,4,01 06 00 00,OK
2026-09-29T21:28:24.821Z,11203.0,observer,RX,ad_1_repeat_1,0,,00000004,0000,0004,0,4,01 06 00 00,OK
2026-09-29T21:28:24.821Z,11203.0,observer,RX,ad_1_repeat_1,0,,00000004,0000,0004,0,4,01 06 00 00,OK
2026-09-29T21:28:24.821Z,11203.0,observer,RX,ad_1_repeat_1,0,,00000004,0000,0004,0,4,01 06 00 00,OK
2026-09-29T21:28:24.821Z,11203.0,observer,RX,ad_1_repeat_1,0,,00000004,0000,0004,0,4,01 06 00 00,OK
2026-09-29T21:28:24.821Z,11203.0,observer,RX,ad_1_repeat_1,0,,00000004,0000,0004,0,4,01 06 00 00,OK
2026-09-29T21:28:24.821Z,11203.0,observer,RX,ad_1_repeat_1,0,,00000004,0000,0004,0,4,01 06 00 00,OK
2026-09-29T21:28:24.821Z,11203.0,observer,RX,ad_1_repeat_1,0,,00000004,0000,0004,0,4,01 06 00 00,OK
2026-09-29T21:28:24.821Z,11203.0,observer,RX,ad_1_repeat_1,0,,00000004,0000,0004,0,4,01 06 00 00,OK
2026-09-29T21:28:24.821Z,11203.0,observer,RX,ad_1_repeat_1,0,,00000004,0000,0004,0,4,01 06 00 00,OK
2026-09-29T21:28:24.821Z,11203.0,observer,RX,ad_1_repeat_1,0,,00000004,0000,0004,0,4,01 06 00 00,OK
2026-09-29T21:28:24.821Z,11203.0,observer,RX,ad_1_repeat_1,0,,00000004,0000,0004,0,4,01 06 00 00,OK
2026-09-29T21:28:24.821Z,11203.0,observer,RX,ad_1_repeat_1,0,,00000004,0000,0004,0,4,01 06 00 00,OK
2026-09-29T21:28:24.821Z,11203.0,observer,RX,ad_1_repeat_1,0,,00000004,0000,0004,0,4,01 06 00 00,OK
2026-09-29T21:28:24.821Z,11203.0,observer,RX,ad_1_repeat_1,0,,00000004,0000,0004,0,4,01 06 00 00,OK
2026-09-29T21:28:24.821Z,11203.0,observer,RX,ad_1_repeat_1,0,,00000004,0000,0004,0,4,01 06 00 00,OK
2026-09-29T21:28:24.823Z,11203.0,observer,RX,ad_1_repeat_1,0,,00000004,0000,0004,0,4,01 06 00 00,OK
2026-09-29T21:28:24.823Z,11203.0,observer,RX,ad_1_repeat_1,0,,00000004,0000,0004,0,4,01 06 00 00,OK
2026-09-29T21:28:24.823Z,11203.0,observer,RX,ad_1_repeat_1,0,,00000004,0000,0004,0,4,01 06 00 00,OK
2026-09-29T21:28:24.823Z,11203.0,observer,RX,ad_1_repeat_1,0,,00000004,0000,0004,0,4,01 06 00 00,OK
2026-09-29T21:28:24.823Z,11203.0,observer,RX,ad_1_repeat_1,0,,00000004,0000,0004,0,4,01 06 00 00,OK
2026-09-29T21:28:24.823Z,11203.0,observer,RX,ad_1_repeat_1,0,,00000004,0000,0004,0,4,01 06 00 00,OK
2026-09-29T21:28:24.823Z,11203.0,observer,RX,ad_1_repeat_1,0,,00000004,0000,0004,0,4,01 06 00 00,OK
2026-09-29T21:28:24.823Z,11203.0,observer,RX,ad_1_repeat_1,0,,00000004,0000,0004,0,4,01 06 00 00,OK
2026-09-29T21:28:24.823Z,11203.0,observer,RX,ad_1_repeat_1,0,,00000004,0000,0004,0,4,01 06 00 00,OK
2026-09-29T21:28:24.823Z,11203.0,observer,RX,ad_1_repeat_1,0,,00000004,0000,0004,0,4,01 06 00 00,OK
2026-09-29T21:28:24.824Z,11203.0,observer,RX,ad_1_repeat_1,0,,00000004,0000,0004,0,4,01 06 00 00,OK
2026-09-29T21:28:24.824Z,11203.0,observer,RX,ad_1_repeat_1,0,,00000004,0000,0004,0,4,01 06 00 00,OK
2026-09-29T21:28:24.824Z,11203.0,observer,RX,ad_1_repeat_1,0,,00000004,0000,0004,0,4,01 06 00 00,OK
2026-09-29T21:28:24.824Z,11203.0,observer,RX,ad_1_repeat_1,0,,00000004,0000,0004,0,4,01 06 00 00,OK
2026-09-29T21:28:24.824Z,11203.0,observer,RX,ad_1_repeat_1,0,,00000004,0000,0004,0,4,01 06 00 00,OK
2026-09-29T21:28:24.824Z,11203.0,observer,RX,ad_1_repeat_1,0,,00000004,0000,0004,0,4,01 06 00 00,OK
2026-09-29T21:28:24.824Z,11203.0,observer,RX,ad_1_repeat_1,0,,00000004,0000,0004,0,4,01 06 00 00,OK
2026-09-29T21:28:24.824Z,11203.0,observer,RX,ad_1_repeat_1,0,,00000004,0000,0004,0,4,01 06 00 00,OK
2026-09-29T21:28:24.824Z,11203.0,observer,RX,ad_1_repeat_1,0,,00000004,0000,0004,0,4,01 06 00 00,OK
2026-09-29T21:28:24.824Z,11203.0,observer,RX,ad_1_repeat_1,0,,00000004,0000,0004,0,4,01 06 00 00,OK
2026-09-29T21:28:24.824Z,11203.0,observer,RX,ad_1_repeat_1,0,,00000004,0000,0004,0,4,01 06 00 00,OK
2026-09-29T21:28:24.824Z,11203.0,observer,RX,ad_1_repeat_1,0,,00000004,0000,0004,0,4,01 06 00 00,OK
2026-09-29T21:28:24.824Z,11203.0,observer,RX,ad_1_repeat_1,0,,00000004,0000,0004,0,4,01 06 00 00,OK
2026-09-29T21:28:24.824Z,11203.0,observer,RX,ad_1_repeat_1,0,,00000004,0000,0004,0,4,01 06 00 00,OK
2026-09-29T21:28:24.826Z,11203.0,observer,RX,ad_1_repeat_1,0,,00000004,0000,0004,0,4,01 06 00 00,OK
2026-09-29T21:28:24.826Z,11203.0,observer,RX,ad_1_repeat_1,0,,00000004,0000,0004,0,4,01 06 00 00,OK
2026-09-29T21:28:24.826Z,11203.0,observer,RX,ad_1_repeat_1,0,,00000004,0000,0004,0,4,01 06 00 00,OK
2026-09-29T21:28:24.826Z,11203.0,observer,RX,ad_1_repeat_1,0,,00000004,0000,0004,0,4,01 06 00 00,OK
2026-09-29T21:28:24.826Z,11203.0,observer,RX,ad_1_repeat_1,0,,00000004,0000,0004,0,4,01 06 00 00,OK
2026-09-29T21:28:24.826Z,11203.0,observer,RX,ad_1_repeat_1,0,,00000004,0000,0004,0,4,01 06 00 00,OK
2026-09-29T21:28:24.827Z,11203.0,observer,RX,ad_1_repeat_1,0,,00000004,0000,0004,0,4,01 06 00 00,OK
2026-09-29T21:28:24.827Z,11203.0,observer,RX,ad_1_repeat_1,0,,00000004,0000,0004,0,4,01 06 00 00,OK
2026-09-29T21:28:24.827Z,11203.0,observer,RX,ad_1_repeat_1,0,,00000004,0000,0004,0,4,01 06 00 00,OK
2026-09-29T21:28:24.827Z,11203.0,observer,RX,ad_1_repeat_1,0,,00000004,0000,0004,0,4,01 06 00 00,OK
2026-09-29T21:28:24.827Z,11203.0,observer,RX,ad_1_repeat_1,0,,00000004,0000,0004,0,4,01 06 00 00,OK
2026-09-29T21:28:24.827Z,11203.0,observer,RX,ad_1_repeat_1,0,,00000004,0000,0004,0,4,01 06 00 00,OK
2026-09-29T21:28:24.827Z,11203.0,observer,RX,ad_1_repeat_1,0,,00000004,0000,0004,0,4,01 06 00 00,OK
2026-09-29T21:28:24.827Z,11203.0,observer,RX,ad_1_repeat_1,0,,00000004,0000,0004,0,4,01 06 00 00,OK
2026-09-29T21:28:24.827Z,11203.0,observer,RX,ad_1_repeat_1,0,,00000004,0000,0004,0,4,01 06 00 00,OK
2026-09-29T21:28:24.827Z,11203.0,observer,RX,ad_1_repeat_1,0,,00000004,0000,0004,0,4,01 06 00 00,OK
2026-09-29T21:28:24.827Z,11203.0,observer,RX,ad_1_repeat_1,0,,00000004,0000,0004,0,4,01 06 00 00,OK
2026-09-29T21:28:24.827Z,11203.0,observer,RX,ad_1_repeat_1,0,,00000004,0000,0004,0,4,01 06 00 00,OK
2026-09-29T21:28:24.827Z,11203.0,observer,RX,ad_1_repeat_1,0,,00000004,0000,0004,0,4,01 06 00 00,OK
2026-09-29T21:28:24.827Z,11203.0,observer,RX,ad_1_repeat_1,0,,00000004,0000,0004,0,4,01 06 00 00,OK
2026-09-29T21:28:24.827Z,11203.0,observer,RX,ad_1_repeat_1,0,,00000004,0000,0004,0,4,01 06 00 00,OK
2026-09-29T21:28:24.827Z,11203.0,observer,RX,ad_1_repeat_1,0,,00000004,0000,0004,0,4,01 06 00 00,OK
2026-09-29T21:28:24.827Z,11203.0,observer,RX,ad_1_repeat_1,0,,00000004,0000,0004,0,4,01 06 00 00,OK
2026-09-29T21:28:24.827Z,11203.0,observer,RX,ad_1_repeat_1,0,,00000004,0000,0004,0,4,01 06 00 00,OK
2026-09-29T21:28:24.830Z,11219.0,observer,RX,ad_1_repeat_1,0,,00000004,0000,0004,0,4,01 06 00 00,OK
2026-09-29T21:28:24.830Z,11219.0,observer,RX,ad_1_repeat_1,0,,00000004,0000,0004,0,4,01 06 00 00,OK
2026-09-29T21:28:24.830Z,11219.0,observer,RX,ad_1_repeat_1,0,,00000004,0000,0004,0,4,01 06 00 00,OK
2026-09-29T21:28:24.830Z,11219.0,observer,RX,ad_1_repeat_1,0,,00000004,0000,0004,0,4,01 06 00 00,OK
2026-09-29T21:28:24.830Z,11219.0,observer,RX,ad_1_repeat_1,0,,00000004,0000,0004,0,4,01 06 00 00,OK
2026-09-29T21:28:24.830Z,11219.0,observer,RX,ad_1_repeat_1,0,,00000004,0000,0004,0,4,01 06 00 00,OK
2026-09-29T21:28:24.830Z,11219.0,observer,RX,ad_1_repeat_1,0,,00000004,0000,0004,0,4,01 06 00 00,OK
2026-09-29T21:28:24.830Z,11219.0,observer,RX,ad_1_repeat_1,0,,00000004,0000,0004,0,4,01 06 00 00,OK
2026-09-29T21:28:24.830Z,11219.0,observer,RX,ad_1_repeat_1,0,,00000004,0000,0004,0,4,01 06 00 00,OK
2026-09-29T21:28:24.830Z,11219.0,observer,RX,ad_1_repeat_1,0,,00000004,0000,0004,0,4,01 06 00 00,OK
2026-09-29T21:28:24.830Z,11219.0,observer,RX,ad_1_repeat_1,0,,00000004,0000,0004,0,4,01 06 00 00,OK
2026-09-29T21:28:24.830Z,11219.0,observer,RX,ad_1_repeat_1,0,,00000004,0000,0004,0,4,01 06 00 00,OK
2026-09-29T21:28:24.830Z,11219.0,observer,RX,ad_1_repeat_1,0,,00000004,0000,0004,0,4,01 06 00 00,OK
2026-09-29T21:28:24.830Z,11219.0,observer,RX,ad_1_repeat_1,0,,00000004,0000,0004,0,4,01 06 00 00,OK
2026-09-29T21:28:24.830Z,11219.0,observer,RX,ad_1_repeat_1,0,,00000004,0000,0004,0,4,01 06 00 00,OK
2026-09-29T21:28:24.830Z,11219.0,observer,RX,ad_1_repeat_1,0,,00000004,0000,0004,0,4,01 06 00 00,OK
2026-09-29T21:28:24.830Z,11219.0,observer,RX,ad_1_repeat_1,0,,00000004,0000,0004,0,4,01 06 00 00,OK
2026-09-29T21:28:24.831Z,11219.0,observer,RX,ad_1_repeat_1,0,,00000004,0000,0004,0,4,01 06 00 00,OK
2026-09-29T21:28:24.831Z,11219.0,observer,RX,ad_1_repeat_1,0,,00000004,0000,0004,0,4,01 06 00 00,OK
2026-09-29T21:28:24.831Z,11219.0,observer,RX,ad_1_repeat_1,0,,00000004,0000,0004,0,4,01 06 00 00,OK
2026-09-29T21:28:24.831Z,11219.0,observer,RX,ad_1_repeat_1,0,,00000004,0000,0004,0,4,01 06 00 00,OK
2026-09-29T21:28:24.831Z,11219.0,observer,RX,ad_1_repeat_1,0,,00000004,0000,0004,0,4,01 06 00 00,OK
2026-09-29T21:28:24.831Z,11219.0,observer,RX,ad_1_repeat_1,0,,00000004,0000,0004,0,4,01 06 00 00,OK
2026-09-29T21:28:24.831Z,11219.0,observer,RX,ad_1_repeat_1,0,,00000004,0000,0004,0,4,01 06 00 00,OK
2026-09-29T21:28:24.833Z,11219.0,observer,RX,ad_1_repeat_1,0,,00000004,0000,0004,0,4,01 06 00 00,OK
2026-09-29T21:28:24.833Z,11219.0,observer,RX,ad_1_repeat_1,0,,00000004,0000,0004,0,4,01 06 00 00,OK
2026-09-29T21:28:24.833Z,11219.0,observer,RX,ad_1_repeat_1,0,,00000004,0000,0004,0,4,01 06 00 00,OK
2026-09-29T21:28:24.833Z,11219.0,observer,RX,ad_1_repeat_1,0,,00000004,0000,0004,0,4,01 06 00 00,OK
2026-09-29T21:28:24.833Z,11219.0,observer,RX,ad_1_repeat_1,0,,00000004,0000,0004,0,4,01 06 00 00,OK
2026-09-29T21:28:24.833Z,11219.0,observer,RX,ad_1_repeat_1,0,,00000004,0000,0004,0,4,01 06 00 00,OK
2026-09-29T21:28:24.833Z,11219.0,observer,RX,ad_1_repeat_1,0,,00000004,0000,0004,0,4,01 06 00 00,OK
2026-09-29T21:28:24.833Z,11219.0,observer,RX,ad_1_repeat_1,0,,00000004,0000,0004,0,4,01 06 00 00,OK
2026-09-29T21:28:24.833Z,11219.0,observer,RX,ad_1_repeat_1,0,,00000004,0000,0004,0,4,01 06 00 00,OK
2026-09-29T21:28:24.833Z,11219.0,observer,RX,ad_1_repeat_1,0,,00000004,0000,0004,0,4,01 06 00 00,OK
2026-09-29T21:28:24.833Z,11219.0,observer,RX,ad_1_repeat_1,0,,00000004,0000,0004,0,4,01 06 00 00,OK
2026-09-29T21:28:24.833Z,11219.0,observer,RX,ad_1_repeat_1,0,,00000004,0000,0004,0,4,01 06 00 00,OK
2026-09-29T21:28:24.833Z,11219.0,observer,RX,ad_1_repeat_1,0,,00000004,0000,0004,0,4,01 06 00 00,OK
2026-09-29T21:28:24.833Z,11219.0,observer,RX,ad_1_repeat_1,0,,00000004,0000,0004,0,4,01 06 00 00,OK
2026-09-29T21:28:24.833Z,11219.0,observer,RX,ad_1_repeat_1,0,,00000004,0000,0004,0,4,01 06 00 00,OK
2026-09-29T21:28:24.833Z,11219.0,observer,RX,ad_1_repeat_1,0,,00000004,0000,0004,0,4,01 06 00 00,OK
2026-09-29T21:28:24.833Z,11219.0,observer,RX,ad_1_repeat_1,0,,00000004,0000,0004,0,4,01 06 00 00,OK
2026-09-29T21:28:24.833Z,11219.0,observer,RX,ad_1_repeat_1,0,,00000004,0000,0004,0,4,01 06 00 00,OK
2026-09-29T21:28:24.833Z,11219.0,observer,RX,ad_1_repeat_1,0,,00000004,0000,0004,0,4,01 06 00 00,OK
2026-09-29T21:28:24.833Z,11219.0,observer,RX,ad_1_repeat_1,0,,00000004,0000,0004,0,4,01 06 00 00,OK
2026-09-29T21:28:24.833Z,11219.0,observer,RX,ad_1_repeat_1,0,,00000004,0000,0004,0,4,01 06 00 00,OK
2026-09-29T21:28:24.833Z,11219.0,observer,RX,ad_1_repeat_1,0,,00000004,0000,0004,0,4,01 06 00 00,OK
2026-09-29T21:28:24.833Z,11219.0,observer,RX,ad_1_repeat_1,0,,00000004,0000,0004,0,4,01 06 00 00,OK
2026-09-29T21:28:24.833Z,11219.0,observer,RX,ad_1_repeat_1,0,,00000004,0000,0004,0,4,01 06 00 00,OK
2026-09-29T21:28:24.836Z,11219.0,observer,RX,ad_1_repeat_1,0,,00000004,0000,0004,0,4,01 06 00 00,OK
