utc,host_rel_ms,phase,event,details
2026-09-30T07:15:28.828Z,312.0,initializing,session_started,"{""mode"": ""scan"", ""injector_channel"": ""PCAN_USBBUS1"", ""observer_channel"": ""PCAN_USBBUS2"", ""bitrate"": 1000000, ""output_dir"": ""dab_family_scan_results"", ""enable_send"": true, ""allow_bruteforce"": false, ""include_protected"": false, ""unattended"": false, ""pause_on_response"": true, ""start_family"": 32, ""end_family"": 79, ""grammar"": ""short"", ""marker"": 3, ""token"": 51245, ""randomize"": false, ""repeats"": 3, ""pre_window_s"": 0.25, ""response_window_s"": 0.35, ""inter_probe_s"": 0.4, ""checkpoint_every"": 128, ""duration_s"": 300.0, ""exclude_families"": [], ""resume_file"": null}"
2026-09-30T07:15:28.828Z,312.0,probe_00001_family_0020,phase_started,probe_00001_family_0020
2026-09-30T07:15:29.442Z,937.0,probe_00001_family_0020,probe_completed,"{""utc"": ""2026-09-30T07:15:29.442Z"", ""probe_index"": 1, ""probe_family_hex"": ""0020"", ""grammar"": ""short"", ""marker_hex"": """", ""tx_can_id_hex"": ""0020C82D"", ""tx_data_hex"": ""01 00 00 2D C8"", ""tx_ok"": 1, ""pre_window_frames"": 113, ""post_window_frames"": 145, ""candidate_frames"": 0, ""candidate_families"": """", ""candidate_ids"": """", ""candidate_payloads"": """", ""first_candidate_latency_ms"": """", ""last_candidate_latency_ms"": """", ""active_001f_seen"": 0, ""response_103c_seen"": 0, ""operator_result"": """", ""notes"": """"}"
2026-09-30T07:15:29.846Z,1343.0,probe_00002_family_0021,phase_started,probe_00002_family_0021
2026-09-30T07:15:30.456Z,1953.0,probe_00002_family_0021,probe_completed,"{""utc"": ""2026-09-30T07:15:30.456Z"", ""probe_index"": 2, ""probe_family_hex"": ""0021"", ""grammar"": ""short"", ""marker_hex"": """", ""tx_can_id_hex"": ""0021C82D"", ""tx_data_hex"": ""01 00 00 2D C8"", ""tx_ok"": 1, ""pre_window_frames"": 107, ""post_window_frames"": 145, ""candidate_frames"": 0, ""candidate_families"": """", ""candidate_ids"": """", ""candidate_payloads"": """", ""first_candidate_latency_ms"": """", ""last_candidate_latency_ms"": """", ""active_001f_seen"": 0, ""response_103c_seen"": 0, ""operator_result"": """", ""notes"": """"}"
2026-09-30T07:15:30.862Z,2359.0,probe_00003_family_0022,phase_started,probe_00003_family_0022
2026-09-30T07:15:31.472Z,2968.0,probe_00003_family_0022,probe_completed,"{""utc"": ""2026-09-30T07:15:31.472Z"", ""probe_index"": 3, ""probe_family_hex"": ""0022"", ""grammar"": ""short"", ""marker_hex"": """", ""tx_can_id_hex"": ""0022C82D"", ""tx_data_hex"": ""01 00 00 2D C8"", ""tx_ok"": 1, ""pre_window_frames"": 107, ""post_window_frames"": 145, ""candidate_frames"": 0, ""candidate_families"": """", ""candidate_ids"": """", ""candidate_payloads"": """", ""first_candidate_latency_ms"": """", ""last_candidate_latency_ms"": """", ""active_001f_seen"": 0, ""response_103c_seen"": 0, ""operator_result"": """", ""notes"": """"}"
2026-09-30T07:15:31.878Z,3375.0,probe_00004_family_0023,phase_started,probe_00004_family_0023
2026-09-30T07:15:32.489Z,3984.0,probe_00004_family_0023,probe_completed,"{""utc"": ""2026-09-30T07:15:32.489Z"", ""probe_index"": 4, ""probe_family_hex"": ""0023"", ""grammar"": ""short"", ""marker_hex"": """", ""tx_can_id_hex"": ""0023C82D"", ""tx_data_hex"": ""01 00 00 2D C8"", ""tx_ok"": 1, ""pre_window_frames"": 107, ""post_window_frames"": 147, ""candidate_frames"": 0, ""candidate_families"": """", ""candidate_ids"": """", ""candidate_payloads"": """", ""first_candidate_latency_ms"": """", ""last_candidate_latency_ms"": """", ""active_001f_seen"": 0, ""response_103c_seen"": 0, ""operator_result"": """", ""notes"": """"}"
2026-09-30T07:15:32.894Z,4390.0,probe_00005_family_0024,phase_started,probe_00005_family_0024
2026-09-30T07:15:33.503Z,5000.0,probe_00005_family_0024,probe_completed,"{""utc"": ""2026-09-30T07:15:33.503Z"", ""probe_index"": 5, ""probe_family_hex"": ""0024"", ""grammar"": ""short"", ""marker_hex"": """", ""tx_can_id_hex"": ""0024C82D"", ""tx_data_hex"": ""01 00 00 2D C8"", ""tx_ok"": 1, ""pre_window_frames"": 107, ""post_window_frames"": 145, ""candidate_frames"": 0, ""candidate_families"": """", ""candidate_ids"": """", ""candidate_payloads"": """", ""first_candidate_latency_ms"": """", ""last_candidate_latency_ms"": """", ""active_001f_seen"": 0, ""response_103c_seen"": 0, ""operator_result"": """", ""notes"": """"}"
2026-09-30T07:15:33.908Z,5406.0,probe_00006_family_0025,phase_started,probe_00006_family_0025
2026-09-30T07:15:34.517Z,6015.0,probe_00006_family_0025,probe_completed,"{""utc"": ""2026-09-30T07:15:34.517Z"", ""probe_index"": 6, ""probe_family_hex"": ""0025"", ""grammar"": ""short"", ""marker_hex"": """", ""tx_can_id_hex"": ""0025C82D"", ""tx_data_hex"": ""01 00 00 2D C8"", ""tx_ok"": 1, ""pre_window_frames"": 107, ""post_window_frames"": 145, ""candidate_frames"": 0, ""candidate_families"": """", ""candidate_ids"": """", ""candidate_payloads"": """", ""first_candidate_latency_ms"": """", ""last_candidate_latency_ms"": """", ""active_001f_seen"": 0, ""response_103c_seen"": 0, ""operator_result"": """", ""notes"": """"}"
2026-09-30T07:15:34.931Z,6421.0,probe_00007_family_0026,phase_started,probe_00007_family_0026
2026-09-30T07:15:35.533Z,7031.0,probe_00007_family_0026,probe_completed,"{""utc"": ""2026-09-30T07:15:35.533Z"", ""probe_index"": 7, ""probe_family_hex"": ""0026"", ""grammar"": ""short"", ""marker_hex"": """", ""tx_can_id_hex"": ""0026C82D"", ""tx_data_hex"": ""01 00 00 2D C8"", ""tx_ok"": 1, ""pre_window_frames"": 107, ""post_window_frames"": 145, ""candidate_frames"": 0, ""candidate_families"": """", ""candidate_ids"": """", ""candidate_payloads"": """", ""first_candidate_latency_ms"": """", ""last_candidate_latency_ms"": """", ""active_001f_seen"": 0, ""response_103c_seen"": 0, ""operator_result"": """", ""notes"": """"}"
2026-09-30T07:15:35.948Z,7437.0,probe_00008_family_0027,phase_started,probe_00008_family_0027
2026-09-30T07:15:36.552Z,8046.0,probe_00008_family_0027,probe_completed,"{""utc"": ""2026-09-30T07:15:36.552Z"", ""probe_index"": 8, ""probe_family_hex"": ""0027"", ""grammar"": ""short"", ""marker_hex"": """", ""tx_can_id_hex"": ""0027C82D"", ""tx_data_hex"": ""01 00 00 2D C8"", ""tx_ok"": 1, ""pre_window_frames"": 107, ""post_window_frames"": 147, ""candidate_frames"": 0, ""candidate_families"": """", ""candidate_ids"": """", ""candidate_payloads"": """", ""first_candidate_latency_ms"": """", ""last_candidate_latency_ms"": """", ""active_001f_seen"": 0, ""response_103c_seen"": 0, ""operator_result"": """", ""notes"": """"}"
2026-09-30T07:15:36.956Z,8453.0,probe_00009_family_0028,phase_started,probe_00009_family_0028
2026-09-30T07:15:37.568Z,9062.0,probe_00009_family_0028,probe_completed,"{""utc"": ""2026-09-30T07:15:37.568Z"", ""probe_index"": 9, ""probe_family_hex"": ""0028"", ""grammar"": ""short"", ""marker_hex"": """", ""tx_can_id_hex"": ""0028C82D"", ""tx_data_hex"": ""01 00 00 2D C8"", ""tx_ok"": 1, ""pre_window_frames"": 107, ""post_window_frames"": 147, ""candidate_frames"": 0, ""candidate_families"": """", ""candidate_ids"": """", ""candidate_payloads"": """", ""first_candidate_latency_ms"": """", ""last_candidate_latency_ms"": """", ""active_001f_seen"": 0, ""response_103c_seen"": 0, ""operator_result"": """", ""notes"": """"}"
2026-09-30T07:15:37.973Z,9468.0,probe_00010_family_0029,phase_started,probe_00010_family_0029
2026-09-30T07:15:38.581Z,10078.0,probe_00010_family_0029,probe_completed,"{""utc"": ""2026-09-30T07:15:38.581Z"", ""probe_index"": 10, ""probe_family_hex"": ""0029"", ""grammar"": ""short"", ""marker_hex"": """", ""tx_can_id_hex"": ""0029C82D"", ""tx_data_hex"": ""01 00 00 2D C8"", ""tx_ok"": 1, ""pre_window_frames"": 109, ""post_window_frames"": 145, ""candidate_frames"": 0, ""candidate_families"": """", ""candidate_ids"": """", ""candidate_payloads"": """", ""first_candidate_latency_ms"": """", ""last_candidate_latency_ms"": """", ""active_001f_seen"": 0, ""response_103c_seen"": 0, ""operator_result"": """", ""notes"": """"}"
2026-09-30T07:15:38.996Z,10484.0,probe_00011_family_002A,phase_started,probe_00011_family_002A
2026-09-30T07:15:39.600Z,11093.0,probe_00011_family_002A,probe_completed,"{""utc"": ""2026-09-30T07:15:39.600Z"", ""probe_index"": 11, ""probe_family_hex"": ""002A"", ""grammar"": ""short"", ""marker_hex"": """", ""tx_can_id_hex"": ""002AC82D"", ""tx_data_hex"": ""01 00 00 2D C8"", ""tx_ok"": 1, ""pre_window_frames"": 107, ""post_window_frames"": 145, ""candidate_frames"": 0, ""candidate_families"": """", ""candidate_ids"": """", ""candidate_payloads"": """", ""first_candidate_latency_ms"": """", ""last_candidate_latency_ms"": """", ""active_001f_seen"": 0, ""response_103c_seen"": 0, ""operator_result"": """", ""notes"": """"}"
2026-09-30T07:15:40.003Z,11500.0,probe_00012_family_002B,phase_started,probe_00012_family_002B
2026-09-30T07:15:40.614Z,12109.0,probe_00012_family_002B,probe_completed,"{""utc"": ""2026-09-30T07:15:40.614Z"", ""probe_index"": 12, ""probe_family_hex"": ""002B"", ""grammar"": ""short"", ""marker_hex"": """", ""tx_can_id_hex"": ""002BC82D"", ""tx_data_hex"": ""01 00 00 2D C8"", ""tx_ok"": 1, ""pre_window_frames"": 107, ""post_window_frames"": 145, ""candidate_frames"": 0, ""candidate_families"": """", ""candidate_ids"": """", ""candidate_payloads"": """", ""first_candidate_latency_ms"": """", ""last_candidate_latency_ms"": """", ""active_001f_seen"": 0, ""response_103c_seen"": 0, ""operator_result"": """", ""notes"": """"}"
2026-09-30T07:15:41.022Z,12515.0,probe_00013_family_002C,phase_started,probe_00013_family_002C
2026-09-30T07:15:41.633Z,13125.0,probe_00013_family_002C,probe_completed,"{""utc"": ""2026-09-30T07:15:41.633Z"", ""probe_index"": 13, ""probe_family_hex"": ""002C"", ""grammar"": ""short"", ""marker_hex"": """", ""tx_can_id_hex"": ""002CC82D"", ""tx_data_hex"": ""01 00 00 2D C8"", ""tx_ok"": 1, ""pre_window_frames"": 107, ""post_window_frames"": 147, ""candidate_frames"": 0, ""candidate_families"": """", ""candidate_ids"": """", ""candidate_payloads"": """", ""first_candidate_latency_ms"": """", ""last_candidate_latency_ms"": """", ""active_001f_seen"": 0, ""response_103c_seen"": 0, ""operator_result"": """", ""notes"": """"}"
2026-09-30T07:15:42.039Z,13531.0,probe_00014_family_002D,phase_started,probe_00014_family_002D
2026-09-30T07:15:42.648Z,14140.0,probe_00014_family_002D,probe_completed,"{""utc"": ""2026-09-30T07:15:42.648Z"", ""probe_index"": 14, ""probe_family_hex"": ""002D"", ""grammar"": ""short"", ""marker_hex"": """", ""tx_can_id_hex"": ""002DC82D"", ""tx_data_hex"": ""01 00 00 2D C8"", ""tx_ok"": 1, ""pre_window_frames"": 107, ""post_window_frames"": 147, ""candidate_frames"": 0, ""candidate_families"": """", ""candidate_ids"": """", ""candidate_payloads"": """", ""first_candidate_latency_ms"": """", ""last_candidate_latency_ms"": """", ""active_001f_seen"": 0, ""response_103c_seen"": 0, ""operator_result"": """", ""notes"": """"}"
2026-09-30T07:15:43.052Z,14546.0,probe_00015_family_002E,phase_started,probe_00015_family_002E
2026-09-30T07:15:43.662Z,15156.0,probe_00015_family_002E,probe_completed,"{""utc"": ""2026-09-30T07:15:43.662Z"", ""probe_index"": 15, ""probe_family_hex"": ""002E"", ""grammar"": ""short"", ""marker_hex"": """", ""tx_can_id_hex"": ""002EC82D"", ""tx_data_hex"": ""01 00 00 2D C8"", ""tx_ok"": 1, ""pre_window_frames"": 107, ""post_window_frames"": 147, ""candidate_frames"": 0, ""candidate_families"": """", ""candidate_ids"": """", ""candidate_payloads"": """", ""first_candidate_latency_ms"": """", ""last_candidate_latency_ms"": """", ""active_001f_seen"": 0, ""response_103c_seen"": 0, ""operator_result"": """", ""notes"": """"}"
2026-09-30T07:15:44.068Z,15562.0,probe_00016_family_002F,phase_started,probe_00016_family_002F
2026-09-30T07:15:44.679Z,16171.0,probe_00016_family_002F,probe_completed,"{""utc"": ""2026-09-30T07:15:44.679Z"", ""probe_index"": 16, ""probe_family_hex"": ""002F"", ""grammar"": ""short"", ""marker_hex"": """", ""tx_can_id_hex"": ""002FC82D"", ""tx_data_hex"": ""01 00 00 2D C8"", ""tx_ok"": 1, ""pre_window_frames"": 107, ""post_window_frames"": 147, ""candidate_frames"": 0, ""candidate_families"": """", ""candidate_ids"": """", ""candidate_payloads"": """", ""first_candidate_latency_ms"": """", ""last_candidate_latency_ms"": """", ""active_001f_seen"": 0, ""response_103c_seen"": 0, ""operator_result"": """", ""notes"": """"}"
2026-09-30T07:15:45.084Z,16578.0,probe_00017_family_0030,phase_started,probe_00017_family_0030
2026-09-30T07:15:45.695Z,17187.0,probe_00017_family_0030,probe_completed,"{""utc"": ""2026-09-30T07:15:45.695Z"", ""probe_index"": 17, ""probe_family_hex"": ""0030"", ""grammar"": ""short"", ""marker_hex"": """", ""tx_can_id_hex"": ""0030C82D"", ""tx_data_hex"": ""01 00 00 2D C8"", ""tx_ok"": 1, ""pre_window_frames"": 107, ""post_window_frames"": 147, ""candidate_frames"": 0, ""candidate_families"": """", ""candidate_ids"": """", ""candidate_payloads"": """", ""first_candidate_latency_ms"": """", ""last_candidate_latency_ms"": """", ""active_001f_seen"": 0, ""response_103c_seen"": 0, ""operator_result"": """", ""notes"": """"}"
2026-09-30T07:15:46.100Z,17593.0,probe_00018_family_0031,phase_started,probe_00018_family_0031
2026-09-30T07:15:46.705Z,18203.0,probe_00018_family_0031,probe_completed,"{""utc"": ""2026-09-30T07:15:46.705Z"", ""probe_index"": 18, ""probe_family_hex"": ""0031"", ""grammar"": ""short"", ""marker_hex"": """", ""tx_can_id_hex"": ""0031C82D"", ""tx_data_hex"": ""01 00 00 2D C8"", ""tx_ok"": 1, ""pre_window_frames"": 109, ""post_window_frames"": 147, ""candidate_frames"": 0, ""candidate_families"": """", ""candidate_ids"": """", ""candidate_payloads"": """", ""first_candidate_latency_ms"": """", ""last_candidate_latency_ms"": """", ""active_001f_seen"": 0, ""response_103c_seen"": 0, ""operator_result"": """", ""notes"": """"}"
2026-09-30T07:15:47.111Z,18609.0,probe_00019_family_0032,phase_started,probe_00019_family_0032
2026-09-30T07:15:47.722Z,19218.0,probe_00019_family_0032,probe_completed,"{""utc"": ""2026-09-30T07:15:47.722Z"", ""probe_index"": 19, ""probe_family_hex"": ""0032"", ""grammar"": ""short"", ""marker_hex"": """", ""tx_can_id_hex"": ""0032C82D"", ""tx_data_hex"": ""01 00 00 2D C8"", ""tx_ok"": 1, ""pre_window_frames"": 107, ""post_window_frames"": 145, ""candidate_frames"": 0, ""candidate_families"": """", ""candidate_ids"": """", ""candidate_payloads"": """", ""first_candidate_latency_ms"": """", ""last_candidate_latency_ms"": """", ""active_001f_seen"": 0, ""response_103c_seen"": 0, ""operator_result"": """", ""notes"": """"}"
2026-09-30T07:15:48.126Z,19625.0,probe_00020_family_0033,phase_started,probe_00020_family_0033
2026-09-30T07:15:48.741Z,20234.0,probe_00020_family_0033,probe_completed,"{""utc"": ""2026-09-30T07:15:48.740Z"", ""probe_index"": 20, ""probe_family_hex"": ""0033"", ""grammar"": ""short"", ""marker_hex"": """", ""tx_can_id_hex"": ""0033C82D"", ""tx_data_hex"": ""01 00 00 2D C8"", ""tx_ok"": 1, ""pre_window_frames"": 107, ""post_window_frames"": 145, ""candidate_frames"": 0, ""candidate_families"": """", ""candidate_ids"": """", ""candidate_payloads"": """", ""first_candidate_latency_ms"": """", ""last_candidate_latency_ms"": """", ""active_001f_seen"": 0, ""response_103c_seen"": 0, ""operator_result"": """", ""notes"": """"}"
2026-09-30T07:15:49.147Z,20640.0,probe_00021_family_0034,phase_started,probe_00021_family_0034
2026-09-30T07:15:49.751Z,21250.0,probe_00021_family_0034,probe_completed,"{""utc"": ""2026-09-30T07:15:49.751Z"", ""probe_index"": 21, ""probe_family_hex"": ""0034"", ""grammar"": ""short"", ""marker_hex"": """", ""tx_can_id_hex"": ""0034C82D"", ""tx_data_hex"": ""01 00 00 2D C8"", ""tx_ok"": 1, ""pre_window_frames"": 107, ""post_window_frames"": 145, ""candidate_frames"": 0, ""candidate_families"": """", ""candidate_ids"": """", ""candidate_payloads"": """", ""first_candidate_latency_ms"": """", ""last_candidate_latency_ms"": """", ""active_001f_seen"": 0, ""response_103c_seen"": 0, ""operator_result"": """", ""notes"": """"}"
2026-09-30T07:15:50.168Z,21656.0,probe_00022_family_0035,phase_started,probe_00022_family_0035
2026-09-30T07:15:50.769Z,22265.0,probe_00022_family_0035,probe_completed,"{""utc"": ""2026-09-30T07:15:50.768Z"", ""probe_index"": 22, ""probe_family_hex"": ""0035"", ""grammar"": ""short"", ""marker_hex"": """", ""tx_can_id_hex"": ""0035C82D"", ""tx_data_hex"": ""01 00 00 2D C8"", ""tx_ok"": 1, ""pre_window_frames"": 107, ""post_window_frames"": 145, ""candidate_frames"": 0, ""candidate_families"": """", ""candidate_ids"": """", ""candidate_payloads"": """", ""first_candidate_latency_ms"": """", ""last_candidate_latency_ms"": """", ""active_001f_seen"": 0, ""response_103c_seen"": 0, ""operator_result"": """", ""notes"": """"}"
2026-09-30T07:15:51.182Z,22671.0,probe_00023_family_0036,phase_started,probe_00023_family_0036
2026-09-30T07:15:51.785Z,23281.0,probe_00023_family_0036,probe_completed,"{""utc"": ""2026-09-30T07:15:51.784Z"", ""probe_index"": 23, ""probe_family_hex"": ""0036"", ""grammar"": ""short"", ""marker_hex"": """", ""tx_can_id_hex"": ""0036C82D"", ""tx_data_hex"": ""01 00 00 2D C8"", ""tx_ok"": 1, ""pre_window_frames"": 107, ""post_window_frames"": 145, ""candidate_frames"": 0, ""candidate_families"": """", ""candidate_ids"": """", ""candidate_payloads"": """", ""first_candidate_latency_ms"": """", ""last_candidate_latency_ms"": """", ""active_001f_seen"": 0, ""response_103c_seen"": 0, ""operator_result"": """", ""notes"": """"}"
2026-09-30T07:15:52.188Z,23687.0,probe_00024_family_0037,phase_started,probe_00024_family_0037
2026-09-30T07:15:52.802Z,24296.0,probe_00024_family_0037,probe_completed,"{""utc"": ""2026-09-30T07:15:52.802Z"", ""probe_index"": 24, ""probe_family_hex"": ""0037"", ""grammar"": ""short"", ""marker_hex"": """", ""tx_can_id_hex"": ""0037C82D"", ""tx_data_hex"": ""01 00 00 2D C8"", ""tx_ok"": 1, ""pre_window_frames"": 107, ""post_window_frames"": 147, ""candidate_frames"": 0, ""candidate_families"": """", ""candidate_ids"": """", ""candidate_payloads"": """", ""first_candidate_latency_ms"": """", ""last_candidate_latency_ms"": """", ""active_001f_seen"": 0, ""response_103c_seen"": 0, ""operator_result"": """", ""notes"": """"}"
2026-09-30T07:15:53.206Z,24703.0,probe_00025_family_0038,phase_started,probe_00025_family_0038
2026-09-30T07:15:53.821Z,25312.0,probe_00025_family_0038,probe_completed,"{""utc"": ""2026-09-30T07:15:53.821Z"", ""probe_index"": 25, ""probe_family_hex"": ""0038"", ""grammar"": ""short"", ""marker_hex"": """", ""tx_can_id_hex"": ""0038C82D"", ""tx_data_hex"": ""01 00 00 2D C8"", ""tx_ok"": 1, ""pre_window_frames"": 107, ""post_window_frames"": 147, ""candidate_frames"": 0, ""candidate_families"": """", ""candidate_ids"": """", ""candidate_payloads"": """", ""first_candidate_latency_ms"": """", ""last_candidate_latency_ms"": """", ""active_001f_seen"": 0, ""response_103c_seen"": 0, ""operator_result"": """", ""notes"": """"}"
2026-09-30T07:15:54.226Z,25718.0,probe_00026_family_0039,phase_started,probe_00026_family_0039
2026-09-30T07:15:54.836Z,26328.0,probe_00026_family_0039,probe_completed,"{""utc"": ""2026-09-30T07:15:54.836Z"", ""probe_index"": 26, ""probe_family_hex"": ""0039"", ""grammar"": ""short"", ""marker_hex"": """", ""tx_can_id_hex"": ""0039C82D"", ""tx_data_hex"": ""01 00 00 2D C8"", ""tx_ok"": 1, ""pre_window_frames"": 107, ""post_window_frames"": 147, ""candidate_frames"": 0, ""candidate_families"": """", ""candidate_ids"": """", ""candidate_payloads"": """", ""first_candidate_latency_ms"": """", ""last_candidate_latency_ms"": """", ""active_001f_seen"": 0, ""response_103c_seen"": 0, ""operator_result"": """", ""notes"": """"}"
2026-09-30T07:15:55.242Z,26734.0,probe_00027_family_003A,phase_started,probe_00027_family_003A
2026-09-30T07:15:55.846Z,27343.0,probe_00027_family_003A,probe_completed,"{""utc"": ""2026-09-30T07:15:55.846Z"", ""probe_index"": 27, ""probe_family_hex"": ""003A"", ""grammar"": ""short"", ""marker_hex"": """", ""tx_can_id_hex"": ""003AC82D"", ""tx_data_hex"": ""01 00 00 2D C8"", ""tx_ok"": 1, ""pre_window_frames"": 107, ""post_window_frames"": 147, ""candidate_frames"": 0, ""candidate_families"": """", ""candidate_ids"": """", ""candidate_payloads"": """", ""first_candidate_latency_ms"": """", ""last_candidate_latency_ms"": """", ""active_001f_seen"": 0, ""response_103c_seen"": 0, ""operator_result"": """", ""notes"": """"}"
2026-09-30T07:15:56.252Z,27750.0,probe_00028_family_003B,phase_started,probe_00028_family_003B
2026-09-30T07:15:56.865Z,28359.0,probe_00028_family_003B,probe_completed,"{""utc"": ""2026-09-30T07:15:56.865Z"", ""probe_index"": 28, ""probe_family_hex"": ""003B"", ""grammar"": ""short"", ""marker_hex"": """", ""tx_can_id_hex"": ""003BC82D"", ""tx_data_hex"": ""01 00 00 2D C8"", ""tx_ok"": 1, ""pre_window_frames"": 109, ""post_window_frames"": 147, ""candidate_frames"": 0, ""candidate_families"": """", ""candidate_ids"": """", ""candidate_payloads"": """", ""first_candidate_latency_ms"": """", ""last_candidate_latency_ms"": """", ""active_001f_seen"": 0, ""response_103c_seen"": 0, ""operator_result"": """", ""notes"": """"}"
2026-09-30T07:15:57.267Z,28765.0,probe_00029_family_003D,phase_started,probe_00029_family_003D
2026-09-30T07:15:57.879Z,29375.0,probe_00029_family_003D,probe_completed,"{""utc"": ""2026-09-30T07:15:57.879Z"", ""probe_index"": 29, ""probe_family_hex"": ""003D"", ""grammar"": ""short"", ""marker_hex"": """", ""tx_can_id_hex"": ""003DC82D"", ""tx_data_hex"": ""01 00 00 2D C8"", ""tx_ok"": 1, ""pre_window_frames"": 107, ""post_window_frames"": 145, ""candidate_frames"": 0, ""candidate_families"": """", ""candidate_ids"": """", ""candidate_payloads"": """", ""first_candidate_latency_ms"": """", ""last_candidate_latency_ms"": """", ""active_001f_seen"": 0, ""response_103c_seen"": 0, ""operator_result"": """", ""notes"": """"}"
2026-09-30T07:15:58.283Z,29781.0,probe_00030_family_003E,phase_started,probe_00030_family_003E
2026-09-30T07:15:58.893Z,30390.0,probe_00030_family_003E,probe_completed,"{""utc"": ""2026-09-30T07:15:58.893Z"", ""probe_index"": 30, ""probe_family_hex"": ""003E"", ""grammar"": ""short"", ""marker_hex"": """", ""tx_can_id_hex"": ""003EC82D"", ""tx_data_hex"": ""01 00 00 2D C8"", ""tx_ok"": 1, ""pre_window_frames"": 107, ""post_window_frames"": 145, ""candidate_frames"": 0, ""candidate_families"": """", ""candidate_ids"": """", ""candidate_payloads"": """", ""first_candidate_latency_ms"": """", ""last_candidate_latency_ms"": """", ""active_001f_seen"": 0, ""response_103c_seen"": 0, ""operator_result"": """", ""notes"": """"}"
2026-09-30T07:15:59.299Z,30796.0,probe_00031_family_003F,phase_started,probe_00031_family_003F
2026-09-30T07:15:59.908Z,31406.0,probe_00031_family_003F,probe_completed,"{""utc"": ""2026-09-30T07:15:59.908Z"", ""probe_index"": 31, ""probe_family_hex"": ""003F"", ""grammar"": ""short"", ""marker_hex"": """", ""tx_can_id_hex"": ""003FC82D"", ""tx_data_hex"": ""01 00 00 2D C8"", ""tx_ok"": 1, ""pre_window_frames"": 107, ""post_window_frames"": 145, ""candidate_frames"": 0, ""candidate_families"": """", ""candidate_ids"": """", ""candidate_payloads"": """", ""first_candidate_latency_ms"": """", ""last_candidate_latency_ms"": """", ""active_001f_seen"": 0, ""response_103c_seen"": 0, ""operator_result"": """", ""notes"": """"}"
2026-09-30T07:16:00.323Z,31812.0,probe_00032_family_0040,phase_started,probe_00032_family_0040
2026-09-30T07:16:00.927Z,32421.0,probe_00032_family_0040,probe_completed,"{""utc"": ""2026-09-30T07:16:00.927Z"", ""probe_index"": 32, ""probe_family_hex"": ""0040"", ""grammar"": ""short"", ""marker_hex"": """", ""tx_can_id_hex"": ""0040C82D"", ""tx_data_hex"": ""01 00 00 2D C8"", ""tx_ok"": 1, ""pre_window_frames"": 107, ""post_window_frames"": 147, ""candidate_frames"": 0, ""candidate_families"": """", ""candidate_ids"": """", ""candidate_payloads"": """", ""first_candidate_latency_ms"": """", ""last_candidate_latency_ms"": """", ""active_001f_seen"": 0, ""response_103c_seen"": 0, ""operator_result"": """", ""notes"": """"}"
2026-09-30T07:16:01.333Z,32828.0,probe_00033_family_0041,phase_started,probe_00033_family_0041
2026-09-30T07:16:01.943Z,33437.0,probe_00033_family_0041,probe_completed,"{""utc"": ""2026-09-30T07:16:01.943Z"", ""probe_index"": 33, ""probe_family_hex"": ""0041"", ""grammar"": ""short"", ""marker_hex"": """", ""tx_can_id_hex"": ""0041C82D"", ""tx_data_hex"": ""01 00 00 2D C8"", ""tx_ok"": 1, ""pre_window_frames"": 107, ""post_window_frames"": 147, ""candidate_frames"": 0, ""candidate_families"": """", ""candidate_ids"": """", ""candidate_payloads"": """", ""first_candidate_latency_ms"": """", ""last_candidate_latency_ms"": """", ""active_001f_seen"": 0, ""response_103c_seen"": 0, ""operator_result"": """", ""notes"": """"}"
2026-09-30T07:16:02.347Z,33843.0,probe_00034_family_0042,phase_started,probe_00034_family_0042
2026-09-30T07:16:02.957Z,34453.0,probe_00034_family_0042,probe_completed,"{""utc"": ""2026-09-30T07:16:02.957Z"", ""probe_index"": 34, ""probe_family_hex"": ""0042"", ""grammar"": ""short"", ""marker_hex"": """", ""tx_can_id_hex"": ""0042C82D"", ""tx_data_hex"": ""01 00 00 2D C8"", ""tx_ok"": 1, ""pre_window_frames"": 107, ""post_window_frames"": 146, ""candidate_frames"": 0, ""candidate_families"": """", ""candidate_ids"": """", ""candidate_payloads"": """", ""first_candidate_latency_ms"": """", ""last_candidate_latency_ms"": """", ""active_001f_seen"": 0, ""response_103c_seen"": 0, ""operator_result"": """", ""notes"": """"}"
2026-09-30T07:16:03.361Z,34859.0,probe_00035_family_0043,phase_started,probe_00035_family_0043
2026-09-30T07:16:03.972Z,35468.0,probe_00035_family_0043,probe_completed,"{""utc"": ""2026-09-30T07:16:03.972Z"", ""probe_index"": 35, ""probe_family_hex"": ""0043"", ""grammar"": ""short"", ""marker_hex"": """", ""tx_can_id_hex"": ""0043C82D"", ""tx_data_hex"": ""01 00 00 2D C8"", ""tx_ok"": 1, ""pre_window_frames"": 107, ""post_window_frames"": 145, ""candidate_frames"": 0, ""candidate_families"": """", ""candidate_ids"": """", ""candidate_payloads"": """", ""first_candidate_latency_ms"": """", ""last_candidate_latency_ms"": """", ""active_001f_seen"": 0, ""response_103c_seen"": 0, ""operator_result"": """", ""notes"": """"}"
2026-09-30T07:16:04.376Z,35875.0,probe_00036_family_0044,phase_started,probe_00036_family_0044
2026-09-30T07:16:04.988Z,36484.0,probe_00036_family_0044,probe_completed,"{""utc"": ""2026-09-30T07:16:04.988Z"", ""probe_index"": 36, ""probe_family_hex"": ""0044"", ""grammar"": ""short"", ""marker_hex"": """", ""tx_can_id_hex"": ""0044C82D"", ""tx_data_hex"": ""01 00 00 2D C8"", ""tx_ok"": 1, ""pre_window_frames"": 109, ""post_window_frames"": 147, ""candidate_frames"": 0, ""candidate_families"": """", ""candidate_ids"": """", ""candidate_payloads"": """", ""first_candidate_latency_ms"": """", ""last_candidate_latency_ms"": """", ""active_001f_seen"": 0, ""response_103c_seen"": 0, ""operator_result"": """", ""notes"": """"}"
2026-09-30T07:16:05.394Z,36890.0,probe_00037_family_0045,phase_started,probe_00037_family_0045
2026-09-30T07:16:06.004Z,37500.0,probe_00037_family_0045,probe_completed,"{""utc"": ""2026-09-30T07:16:06.004Z"", ""probe_index"": 37, ""probe_family_hex"": ""0045"", ""grammar"": ""short"", ""marker_hex"": """", ""tx_can_id_hex"": ""0045C82D"", ""tx_data_hex"": ""01 00 00 2D C8"", ""tx_ok"": 1, ""pre_window_frames"": 107, ""post_window_frames"": 145, ""candidate_frames"": 0, ""candidate_families"": """", ""candidate_ids"": """", ""candidate_payloads"": """", ""first_candidate_latency_ms"": """", ""last_candidate_latency_ms"": """", ""active_001f_seen"": 0, ""response_103c_seen"": 0, ""operator_result"": """", ""notes"": """"}"
2026-09-30T07:16:06.407Z,37906.0,probe_00038_family_0046,phase_started,probe_00038_family_0046
2026-09-30T07:16:07.021Z,38515.0,probe_00038_family_0046,probe_completed,"{""utc"": ""2026-09-30T07:16:07.021Z"", ""probe_index"": 38, ""probe_family_hex"": ""0046"", ""grammar"": ""short"", ""marker_hex"": """", ""tx_can_id_hex"": ""0046C82D"", ""tx_data_hex"": ""01 00 00 2D C8"", ""tx_ok"": 1, ""pre_window_frames"": 107, ""post_window_frames"": 145, ""candidate_frames"": 0, ""candidate_families"": """", ""candidate_ids"": """", ""candidate_payloads"": """", ""first_candidate_latency_ms"": """", ""last_candidate_latency_ms"": """", ""active_001f_seen"": 0, ""response_103c_seen"": 0, ""operator_result"": """", ""notes"": """"}"
2026-09-30T07:16:07.425Z,38921.0,probe_00039_family_0047,phase_started,probe_00039_family_0047
2026-09-30T07:16:08.034Z,39531.0,probe_00039_family_0047,probe_completed,"{""utc"": ""2026-09-30T07:16:08.034Z"", ""probe_index"": 39, ""probe_family_hex"": ""0047"", ""grammar"": ""short"", ""marker_hex"": """", ""tx_can_id_hex"": ""0047C82D"", ""tx_data_hex"": ""01 00 00 2D C8"", ""tx_ok"": 1, ""pre_window_frames"": 107, ""post_window_frames"": 145, ""candidate_frames"": 0, ""candidate_families"": """", ""candidate_ids"": """", ""candidate_payloads"": """", ""first_candidate_latency_ms"": """", ""last_candidate_latency_ms"": """", ""active_001f_seen"": 0, ""response_103c_seen"": 0, ""operator_result"": """", ""notes"": """"}"
2026-09-30T07:16:08.439Z,39937.0,probe_00040_family_0048,phase_started,probe_00040_family_0048
2026-09-30T07:16:09.051Z,40546.0,probe_00040_family_0048,probe_completed,"{""utc"": ""2026-09-30T07:16:09.051Z"", ""probe_index"": 40, ""probe_family_hex"": ""0048"", ""grammar"": ""short"", ""marker_hex"": """", ""tx_can_id_hex"": ""0048C82D"", ""tx_data_hex"": ""01 00 00 2D C8"", ""tx_ok"": 1, ""pre_window_frames"": 107, ""post_window_frames"": 145, ""candidate_frames"": 0, ""candidate_families"": """", ""candidate_ids"": """", ""candidate_payloads"": """", ""first_candidate_latency_ms"": """", ""last_candidate_latency_ms"": """", ""active_001f_seen"": 0, ""response_103c_seen"": 0, ""operator_result"": """", ""notes"": """"}"
2026-09-30T07:16:09.455Z,40953.0,probe_00041_family_0049,phase_started,probe_00041_family_0049
2026-09-30T07:16:10.066Z,41562.0,probe_00041_family_0049,probe_completed,"{""utc"": ""2026-09-30T07:16:10.066Z"", ""probe_index"": 41, ""probe_family_hex"": ""0049"", ""grammar"": ""short"", ""marker_hex"": """", ""tx_can_id_hex"": ""0049C82D"", ""tx_data_hex"": ""01 00 00 2D C8"", ""tx_ok"": 1, ""pre_window_frames"": 107, ""post_window_frames"": 145, ""candidate_frames"": 0, ""candidate_families"": """", ""candidate_ids"": """", ""candidate_payloads"": """", ""first_candidate_latency_ms"": """", ""last_candidate_latency_ms"": """", ""active_001f_seen"": 0, ""response_103c_seen"": 0, ""operator_result"": """", ""notes"": """"}"
2026-09-30T07:16:10.479Z,41968.0,probe_00042_family_004A,phase_started,probe_00042_family_004A
2026-09-30T07:16:11.082Z,42578.0,probe_00042_family_004A,probe_completed,"{""utc"": ""2026-09-30T07:16:11.082Z"", ""probe_index"": 42, ""probe_family_hex"": ""004A"", ""grammar"": ""short"", ""marker_hex"": """", ""tx_can_id_hex"": ""004AC82D"", ""tx_data_hex"": ""01 00 00 2D C8"", ""tx_ok"": 1, ""pre_window_frames"": 107, ""post_window_frames"": 145, ""candidate_frames"": 0, ""candidate_families"": """", ""candidate_ids"": """", ""candidate_payloads"": """", ""first_candidate_latency_ms"": """", ""last_candidate_latency_ms"": """", ""active_001f_seen"": 0, ""response_103c_seen"": 0, ""operator_result"": """", ""notes"": """"}"
2026-09-30T07:16:11.487Z,42984.0,probe_00043_family_004B,phase_started,probe_00043_family_004B
2026-09-30T07:16:12.098Z,43593.0,probe_00043_family_004B,probe_completed,"{""utc"": ""2026-09-30T07:16:12.098Z"", ""probe_index"": 43, ""probe_family_hex"": ""004B"", ""grammar"": ""short"", ""marker_hex"": """", ""tx_can_id_hex"": ""004BC82D"", ""tx_data_hex"": ""01 00 00 2D C8"", ""tx_ok"": 1, ""pre_window_frames"": 107, ""post_window_frames"": 145, ""candidate_frames"": 0, ""candidate_families"": """", ""candidate_ids"": """", ""candidate_payloads"": """", ""first_candidate_latency_ms"": """", ""last_candidate_latency_ms"": """", ""active_001f_seen"": 0, ""response_103c_seen"": 0, ""operator_result"": """", ""notes"": """"}"
2026-09-30T07:16:12.502Z,44000.0,probe_00044_family_004C,phase_started,probe_00044_family_004C
2026-09-30T07:16:13.113Z,44609.0,probe_00044_family_004C,probe_completed,"{""utc"": ""2026-09-30T07:16:13.112Z"", ""probe_index"": 44, ""probe_family_hex"": ""004C"", ""grammar"": ""short"", ""marker_hex"": """", ""tx_can_id_hex"": ""004CC82D"", ""tx_data_hex"": ""01 00 00 2D C8"", ""tx_ok"": 1, ""pre_window_frames"": 108, ""post_window_frames"": 145, ""candidate_frames"": 0, ""candidate_families"": """", ""candidate_ids"": """", ""candidate_payloads"": """", ""first_candidate_latency_ms"": """", ""last_candidate_latency_ms"": """", ""active_001f_seen"": 0, ""response_103c_seen"": 0, ""operator_result"": """", ""notes"": """"}"
2026-09-30T07:16:13.525Z,45015.0,probe_00045_family_004D,phase_started,probe_00045_family_004D
2026-09-30T07:16:14.128Z,45625.0,probe_00045_family_004D,probe_completed,"{""utc"": ""2026-09-30T07:16:14.128Z"", ""probe_index"": 45, ""probe_family_hex"": ""004D"", ""grammar"": ""short"", ""marker_hex"": """", ""tx_can_id_hex"": ""004DC82D"", ""tx_data_hex"": ""01 00 00 2D C8"", ""tx_ok"": 1, ""pre_window_frames"": 107, ""post_window_frames"": 145, ""candidate_frames"": 0, ""candidate_families"": """", ""candidate_ids"": """", ""candidate_payloads"": """", ""first_candidate_latency_ms"": """", ""last_candidate_latency_ms"": """", ""active_001f_seen"": 0, ""response_103c_seen"": 0, ""operator_result"": """", ""notes"": """"}"
2026-09-30T07:16:14.541Z,46031.0,probe_00046_family_004E,phase_started,probe_00046_family_004E
2026-09-30T07:16:15.144Z,46640.0,probe_00046_family_004E,probe_completed,"{""utc"": ""2026-09-30T07:16:15.144Z"", ""probe_index"": 46, ""probe_family_hex"": ""004E"", ""grammar"": ""short"", ""marker_hex"": """", ""tx_can_id_hex"": ""004EC82D"", ""tx_data_hex"": ""01 00 00 2D C8"", ""tx_ok"": 1, ""pre_window_frames"": 107, ""post_window_frames"": 144, ""candidate_frames"": 0, ""candidate_families"": """", ""candidate_ids"": """", ""candidate_payloads"": """", ""first_candidate_latency_ms"": """", ""last_candidate_latency_ms"": """", ""active_001f_seen"": 0, ""response_103c_seen"": 0, ""operator_result"": """", ""notes"": """"}"
2026-09-30T07:16:15.555Z,47046.0,probe_00047_family_004F,phase_started,probe_00047_family_004F
2026-09-30T07:16:16.161Z,47656.0,probe_00047_family_004F,probe_completed,"{""utc"": ""2026-09-30T07:16:16.161Z"", ""probe_index"": 47, ""probe_family_hex"": ""004F"", ""grammar"": ""short"", ""marker_hex"": """", ""tx_can_id_hex"": ""004FC82D"", ""tx_data_hex"": ""01 00 00 2D C8"", ""tx_ok"": 1, ""pre_window_frames"": 107, ""post_window_frames"": 145, ""candidate_frames"": 0, ""candidate_families"": """", ""candidate_ids"": """", ""candidate_payloads"": """", ""first_candidate_latency_ms"": """", ""last_candidate_latency_ms"": """", ""active_001f_seen"": 0, ""response_103c_seen"": 0, ""operator_result"": """", ""notes"": """"}"
2026-09-30T07:16:16.565Z,48062.0,probe_00047_family_004F,shutdown_started,completed
