utc,probe_index,probe_family_hex,grammar,marker_hex,tx_can_id_hex,tx_data_hex,tx_ok,pre_window_frames,post_window_frames,candidate_frames,candidate_families,candidate_ids,candidate_payloads,first_candidate_latency_ms,last_candidate_latency_ms,active_001f_seen,response_103c_seen,operator_result,notes
2026-09-30T07:15:29.442Z,1,0020,short,,0020C82D,01 00 00 2D C8,1,113,145,0,,,,,,0,0,,
2026-09-30T07:15:30.456Z,2,0021,short,,0021C82D,01 00 00 2D C8,1,107,145,0,,,,,,0,0,,
2026-09-30T07:15:31.472Z,3,0022,short,,0022C82D,01 00 00 2D C8,1,107,145,0,,,,,,0,0,,
2026-09-30T07:15:32.489Z,4,0023,short,,0023C82D,01 00 00 2D C8,1,107,147,0,,,,,,0,0,,
2026-09-30T07:15:33.503Z,5,0024,short,,0024C82D,01 00 00 2D C8,1,107,145,0,,,,,,0,0,,
2026-09-30T07:15:34.517Z,6,0025,short,,0025C82D,01 00 00 2D C8,1,107,145,0,,,,,,0,0,,
2026-09-30T07:15:35.533Z,7,0026,short,,0026C82D,01 00 00 2D C8,1,107,145,0,,,,,,0,0,,
2026-09-30T07:15:36.552Z,8,0027,short,,0027C82D,01 00 00 2D C8,1,107,147,0,,,,,,0,0,,
2026-09-30T07:15:37.568Z,9,0028,short,,0028C82D,01 00 00 2D C8,1,107,147,0,,,,,,0,0,,
2026-09-30T07:15:38.581Z,10,0029,short,,0029C82D,01 00 00 2D C8,1,109,145,0,,,,,,0,0,,
2026-09-30T07:15:39.600Z,11,002A,short,,002AC82D,01 00 00 2D C8,1,107,145,0,,,,,,0,0,,
2026-09-30T07:15:40.614Z,12,002B,short,,002BC82D,01 00 00 2D C8,1,107,145,0,,,,,,0,0,,
2026-09-30T07:15:41.633Z,13,002C,short,,002CC82D,01 00 00 2D C8,1,107,147,0,,,,,,0,0,,
2026-09-30T07:15:42.648Z,14,002D,short,,002DC82D,01 00 00 2D C8,1,107,147,0,,,,,,0,0,,
2026-09-30T07:15:43.662Z,15,002E,short,,002EC82D,01 00 00 2D C8,1,107,147,0,,,,,,0,0,,
2026-09-30T07:15:44.679Z,16,002F,short,,002FC82D,01 00 00 2D C8,1,107,147,0,,,,,,0,0,,
2026-09-30T07:15:45.695Z,17,0030,short,,0030C82D,01 00 00 2D C8,1,107,147,0,,,,,,0,0,,
2026-09-30T07:15:46.705Z,18,0031,short,,0031C82D,01 00 00 2D C8,1,109,147,0,,,,,,0,0,,
2026-09-30T07:15:47.722Z,19,0032,short,,0032C82D,01 00 00 2D C8,1,107,145,0,,,,,,0,0,,
2026-09-30T07:15:48.740Z,20,0033,short,,0033C82D,01 00 00 2D C8,1,107,145,0,,,,,,0,0,,
2026-09-30T07:15:49.751Z,21,0034,short,,0034C82D,01 00 00 2D C8,1,107,145,0,,,,,,0,0,,
2026-09-30T07:15:50.768Z,22,0035,short,,0035C82D,01 00 00 2D C8,1,107,145,0,,,,,,0,0,,
2026-09-30T07:15:51.784Z,23,0036,short,,0036C82D,01 00 00 2D C8,1,107,145,0,,,,,,0,0,,
2026-09-30T07:15:52.802Z,24,0037,short,,0037C82D,01 00 00 2D C8,1,107,147,0,,,,,,0,0,,
2026-09-30T07:15:53.821Z,25,0038,short,,0038C82D,01 00 00 2D C8,1,107,147,0,,,,,,0,0,,
2026-09-30T07:15:54.836Z,26,0039,short,,0039C82D,01 00 00 2D C8,1,107,147,0,,,,,,0,0,,
2026-09-30T07:15:55.846Z,27,003A,short,,003AC82D,01 00 00 2D C8,1,107,147,0,,,,,,0,0,,
2026-09-30T07:15:56.865Z,28,003B,short,,003BC82D,01 00 00 2D C8,1,109,147,0,,,,,,0,0,,
2026-09-30T07:15:57.879Z,29,003D,short,,003DC82D,01 00 00 2D C8,1,107,145,0,,,,,,0,0,,
2026-09-30T07:15:58.893Z,30,003E,short,,003EC82D,01 00 00 2D C8,1,107,145,0,,,,,,0,0,,
2026-09-30T07:15:59.908Z,31,003F,short,,003FC82D,01 00 00 2D C8,1,107,145,0,,,,,,0,0,,
2026-09-30T07:16:00.927Z,32,0040,short,,0040C82D,01 00 00 2D C8,1,107,147,0,,,,,,0,0,,
2026-09-30T07:16:01.943Z,33,0041,short,,0041C82D,01 00 00 2D C8,1,107,147,0,,,,,,0,0,,
2026-09-30T07:16:02.957Z,34,0042,short,,0042C82D,01 00 00 2D C8,1,107,146,0,,,,,,0,0,,
2026-09-30T07:16:03.972Z,35,0043,short,,0043C82D,01 00 00 2D C8,1,107,145,0,,,,,,0,0,,
2026-09-30T07:16:04.988Z,36,0044,short,,0044C82D,01 00 00 2D C8,1,109,147,0,,,,,,0,0,,
2026-09-30T07:16:06.004Z,37,0045,short,,0045C82D,01 00 00 2D C8,1,107,145,0,,,,,,0,0,,
2026-09-30T07:16:07.021Z,38,0046,short,,0046C82D,01 00 00 2D C8,1,107,145,0,,,,,,0,0,,
2026-09-30T07:16:08.034Z,39,0047,short,,0047C82D,01 00 00 2D C8,1,107,145,0,,,,,,0,0,,
2026-09-30T07:16:09.051Z,40,0048,short,,0048C82D,01 00 00 2D C8,1,107,145,0,,,,,,0,0,,
2026-09-30T07:16:10.066Z,41,0049,short,,0049C82D,01 00 00 2D C8,1,107,145,0,,,,,,0,0,,
2026-09-30T07:16:11.082Z,42,004A,short,,004AC82D,01 00 00 2D C8,1,107,145,0,,,,,,0,0,,
2026-09-30T07:16:12.098Z,43,004B,short,,004BC82D,01 00 00 2D C8,1,107,145,0,,,,,,0,0,,
2026-09-30T07:16:13.112Z,44,004C,short,,004CC82D,01 00 00 2D C8,1,108,145,0,,,,,,0,0,,
2026-09-30T07:16:14.128Z,45,004D,short,,004DC82D,01 00 00 2D C8,1,107,145,0,,,,,,0,0,,
2026-09-30T07:16:15.144Z,46,004E,short,,004EC82D,01 00 00 2D C8,1,107,144,0,,,,,,0,0,,
2026-09-30T07:16:16.161Z,47,004F,short,,004FC82D,01 00 00 2D C8,1,107,145,0,,,,,,0,0,,
