utc,t_mono,dir,can_id_hex,family_hex,token_hex,dlc,data_hex,probe_token_hex
2026-09-28T11:31:01.280+00:00,1790595064.714229,RX,0001D341,0001,D341,7,01 00 00 0F 03 41 D3,
2026-09-28T11:31:01.280+00:00,1790595064.714357,RX,0011D341,0011,D341,5,01 00 00 41 D3,
2026-09-28T11:31:01.285+00:00,1790595064.719263,RX,00012009,0001,2009,7,01 00 00 0F 03 09 20,
2026-09-28T11:31:01.285+00:00,1790595064.719349,RX,00112009,0011,2009,5,01 00 00 09 20,
2026-09-28T11:31:01.289+00:00,1790595064.724255,RX,0001A523,0001,A523,7,01 00 00 0F 03 23 A5,
2026-09-28T11:31:01.289+00:00,1790595064.724341,RX,0011A523,0011,A523,5,01 00 00 23 A5,
2026-09-28T11:31:01.295+00:00,1790595064.729247,RX,00017905,0001,7905,7,01 00 00 0F 03 05 79,
2026-09-28T11:31:01.295+00:00,1790595064.729375,RX,00117905,0011,7905,5,01 00 00 05 79,
2026-09-28T11:31:01.300+00:00,1790595064.734239,RX,00013EFC,0001,3EFC,7,01 00 00 0F 03 FC 3E,
2026-09-28T11:31:01.300+00:00,1790595064.734367,RX,00113EFC,0011,3EFC,5,01 00 00 FC 3E,
2026-09-28T11:31:01.305+00:00,1790595064.739231,RX,000137EF,0001,37EF,7,01 00 00 0F 04 EF 37,
2026-09-28T11:31:01.305+00:00,1790595064.739359,RX,001137EF,0011,37EF,5,01 00 00 EF 37,
2026-09-28T11:31:01.310+00:00,1790595064.744223,RX,00014B5C,0001,4B5C,7,01 00 00 0F 03 5C 4B,
2026-09-28T11:31:01.310+00:00,1790595064.744351,RX,00114B5C,0011,4B5C,5,01 00 00 5C 4B,
2026-09-28T11:31:01.315+00:00,1790595064.749215,RX,0001A36B,0001,A36B,7,01 00 00 0F 03 6B A3,
2026-09-28T11:31:01.315+00:00,1790595064.749343,RX,0011A36B,0011,A36B,5,01 00 00 6B A3,
2026-09-28T11:31:01.320+00:00,1790595064.754249,RX,0001FDFB,0001,FDFB,7,01 00 00 0F 03 FB FD,
2026-09-28T11:31:01.320+00:00,1790595064.754335,RX,0011FDFB,0011,FDFB,5,01 00 00 FB FD,
2026-09-28T11:31:01.325+00:00,1790595064.759241,RX,0001984D,0001,984D,7,01 00 00 0F 03 4D 98,
2026-09-28T11:31:01.325+00:00,1790595064.759327,RX,0011984D,0011,984D,5,01 00 00 4D 98,
2026-09-28T11:31:01.330+00:00,1790595064.764233,RX,0001AD81,0001,AD81,7,01 00 00 0F 03 81 AD,
2026-09-28T11:31:01.330+00:00,1790595064.764361,RX,0011AD81,0011,AD81,5,01 00 00 81 AD,
2026-09-28T11:31:01.335+00:00,1790595064.769225,RX,0001C1B5,0001,C1B5,7,01 00 00 0F 03 B5 C1,
2026-09-28T11:31:01.335+00:00,214456.093000,TX,0012C82D,0012,C82D,5,01 00 00 2D C8,C82D
2026-09-28T11:31:01.335+00:00,1790595064.769353,RX,0011C1B5,0011,C1B5,5,01 00 00 B5 C1,C82D
2026-09-28T11:31:01.340+00:00,1790595064.774217,RX,00014E33,0001,4E33,7,01 00 00 0F 03 33 4E,C82D
2026-09-28T11:31:01.340+00:00,1790595064.774345,RX,00114E33,0011,4E33,5,01 00 00 33 4E,C82D
2026-09-28T11:31:01.345+00:00,1790595064.779252,RX,00016F50,0001,6F50,7,01 00 00 0F 03 50 6F,C82D
2026-09-28T11:31:01.345+00:00,1790595064.779337,RX,00116F50,0011,6F50,5,01 00 00 50 6F,C82D
2026-09-28T11:31:01.347+00:00,1790595064.781214,RX,103C0401,103C,0401,4,00 00 00 01,C82D
2026-09-28T11:31:01.347+00:00,1790595064.781342,RX,103C0481,103C,0481,8,00 00 00 00 00 10 5F 14,C82D
2026-09-28T11:31:01.350+00:00,1790595064.784244,RX,0001E632,0001,E632,7,01 00 00 0F 03 32 E6,C82D
2026-09-28T11:31:01.350+00:00,1790595064.784329,RX,0011E632,0011,E632,5,01 00 00 32 E6,C82D
2026-09-28T11:31:01.352+00:00,1790595064.786206,RX,103C0401,103C,0401,4,00 00 00 01,C82D
2026-09-28T11:31:01.352+00:00,1790595064.786377,RX,103C0481,103C,0481,8,00 00 00 00 00 10 60 14,C82D
2026-09-28T11:31:01.355+00:00,1790595064.789236,RX,0001AC8A,0001,AC8A,7,01 00 00 0F 03 8A AC,C82D
2026-09-28T11:31:01.355+00:00,1790595064.789364,RX,0011AC8A,0011,AC8A,5,01 00 00 8A AC,C82D
2026-09-28T11:31:01.357+00:00,1790595064.791198,RX,103C0401,103C,0401,4,00 00 00 01,C82D
2026-09-28T11:31:01.357+00:00,1790595064.791369,RX,103C0481,103C,0481,8,00 00 00 00 00 10 5F 14,C82D
2026-09-28T11:31:01.360+00:00,1790595064.794227,RX,000142B4,0001,42B4,7,01 00 00 0F 03 B4 42,C82D
2026-09-28T11:31:01.360+00:00,1790595064.794355,RX,001142B4,0011,42B4,5,01 00 00 B4 42,C82D
2026-09-28T11:31:01.362+00:00,1790595064.796190,RX,103C0401,103C,0401,4,00 00 00 01,C82D
2026-09-28T11:31:01.362+00:00,1790595064.796361,RX,103C0481,103C,0481,8,00 00 00 00 00 10 5F 14,C82D
2026-09-28T11:31:01.365+00:00,1790595064.799219,RX,00011538,0001,1538,7,01 00 00 0F 03 38 15,C82D
2026-09-28T11:31:01.365+00:00,1790595064.799347,RX,00111538,0011,1538,5,01 00 00 38 15,C82D
2026-09-28T11:31:01.367+00:00,1790595064.801225,RX,103C0401,103C,0401,4,00 00 00 01,C82D
2026-09-28T11:31:01.367+00:00,1790595064.801353,RX,103C0481,103C,0481,8,00 00 00 00 00 10 5F 14,C82D
2026-09-28T11:31:01.370+00:00,1790595064.804211,RX,0001AE6B,0001,AE6B,7,01 00 00 0F 03 6B AE,C82D
2026-09-28T11:31:01.370+00:00,1790595064.804339,RX,0011AE6B,0011,AE6B,5,01 00 00 6B AE,C82D
2026-09-28T11:31:01.372+00:00,1790595064.806217,RX,103C0401,103C,0401,4,00 00 00 01,C82D
2026-09-28T11:31:01.372+00:00,1790595064.806345,RX,103C0481,103C,0481,8,00 00 00 00 00 10 5F 14,C82D
2026-09-28T11:31:01.375+00:00,1790595064.809246,RX,000107FC,0001,07FC,7,01 00 00 0F 03 FC 07,C82D
2026-09-28T11:31:01.375+00:00,1790595064.809374,RX,001107FC,0011,07FC,5,01 00 00 FC 07,C82D
2026-09-28T11:31:01.377+00:00,1790595064.811209,RX,103C0401,103C,0401,4,00 00 00 01,C82D
2026-09-28T11:31:01.377+00:00,1790595064.811337,RX,103C0481,103C,0481,8,00 00 00 00 00 10 5F 14,C82D
2026-09-28T11:31:01.380+00:00,1790595064.814238,RX,000133E6,0001,33E6,7,01 00 00 0F 03 E6 33,C82D
2026-09-28T11:31:01.380+00:00,1790595064.814366,RX,001133E6,0011,33E6,5,01 00 00 E6 33,C82D
2026-09-28T11:31:01.382+00:00,1790595064.816200,RX,103C0401,103C,0401,4,00 00 00 01,C82D
2026-09-28T11:31:01.382+00:00,1790595064.816371,RX,103C0481,103C,0481,8,00 00 00 00 00 10 5F 14,C82D
2026-09-28T11:31:01.385+00:00,1790595064.819230,RX,0001E073,0001,E073,7,01 00 00 0F 03 73 E0,C82D
2026-09-28T11:31:01.385+00:00,1790595064.819358,RX,0011E073,0011,E073,5,01 00 00 73 E0,C82D
2026-09-28T11:31:01.387+00:00,1790595064.821192,RX,103C0401,103C,0401,4,00 00 00 01,C82D
2026-09-28T11:31:01.387+00:00,1790595064.821363,RX,103C0481,103C,0481,8,00 00 00 00 00 10 5F 14,C82D
2026-09-28T11:31:01.390+00:00,1790595064.824222,RX,000143B1,0001,43B1,7,01 00 00 0F 03 B1 43,C82D
2026-09-28T11:31:01.390+00:00,1790595064.824350,RX,001143B1,0011,43B1,5,01 00 00 B1 43,C82D
2026-09-28T11:31:01.392+00:00,1790595064.826184,RX,103C0401,103C,0401,4,00 00 00 01,C82D
2026-09-28T11:31:01.392+00:00,1790595064.826355,RX,103C0481,103C,0481,8,00 00 00 00 00 10 5F 14,C82D
2026-09-28T11:31:01.395+00:00,1790595064.829214,RX,00012AF7,0001,2AF7,7,01 00 00 0F 03 F7 2A,C82D
2026-09-28T11:31:01.395+00:00,1790595064.829342,RX,00112AF7,0011,2AF7,5,01 00 00 F7 2A,C82D
2026-09-28T11:31:01.397+00:00,1790595064.831219,RX,103C0401,103C,0401,4,00 00 00 01,C82D
2026-09-28T11:31:01.397+00:00,1790595064.831347,RX,103C0481,103C,0481,8,00 00 00 00 00 10 5F 14,C82D
2026-09-28T11:31:01.400+00:00,1790595064.834248,RX,0001F890,0001,F890,7,01 00 00 0F 03 90 F8,C82D
2026-09-28T11:31:01.400+00:00,1790595064.834334,RX,0011F890,0011,F890,5,01 00 00 90 F8,C82D
2026-09-28T11:31:01.402+00:00,1790595064.836211,RX,103C0401,103C,0401,4,00 00 00 01,C82D
2026-09-28T11:31:01.402+00:00,1790595064.836339,RX,103C0481,103C,0481,8,00 00 00 00 00 10 5F 14,C82D
2026-09-28T11:31:01.405+00:00,1790595064.839240,RX,0001956B,0001,956B,7,01 00 00 0F 03 6B 95,C82D
2026-09-28T11:31:01.405+00:00,1790595064.839325,RX,0011956B,0011,956B,5,01 00 00 6B 95,C82D
2026-09-28T11:31:01.407+00:00,1790595064.841203,RX,103C0401,103C,0401,4,00 00 00 01,C82D
2026-09-28T11:31:01.407+00:00,1790595064.841331,RX,103C0481,103C,0481,8,00 00 00 00 00 10 5F 14,C82D
2026-09-28T11:31:01.410+00:00,1790595064.844232,RX,00012CF1,0001,2CF1,7,01 00 00 0F 03 F1 2C,C82D
2026-09-28T11:31:01.410+00:00,1790595064.844360,RX,00112CF1,0011,2CF1,5,01 00 00 F1 2C,C82D
2026-09-28T11:31:01.412+00:00,1790595064.846195,RX,103C0401,103C,0401,4,00 00 00 01,C82D
2026-09-28T11:31:01.412+00:00,1790595064.846365,RX,103C0481,103C,0481,8,00 00 00 00 00 10 5F 14,C82D
2026-09-28T11:31:01.415+00:00,1790595064.849224,RX,00015C76,0001,5C76,7,01 00 00 0F 03 76 5C,C82D
2026-09-28T11:31:01.415+00:00,1790595064.849352,RX,00115C76,0011,5C76,5,01 00 00 76 5C,C82D
2026-09-28T11:31:01.417+00:00,1790595064.851187,RX,103C0401,103C,0401,4,00 00 00 01,C82D
2026-09-28T11:31:01.417+00:00,1790595064.851357,RX,103C0481,103C,0481,8,00 00 00 00 00 10 5F 14,C82D
2026-09-28T11:31:01.420+00:00,1790595064.854216,RX,0001479B,0001,479B,7,01 00 00 0F 03 9B 47,C82D
2026-09-28T11:31:01.420+00:00,1790595064.854344,RX,0011479B,0011,479B,5,01 00 00 9B 47,C82D
2026-09-28T11:31:01.422+00:00,1790595064.856221,RX,103C0401,103C,0401,4,00 00 00 01,C82D
2026-09-28T11:31:01.422+00:00,1790595064.856349,RX,103C0481,103C,0481,8,00 00 00 00 00 10 5F 14,C82D
2026-09-28T11:31:01.425+00:00,1790595064.859208,RX,0001EE1A,0001,EE1A,7,01 00 00 0F 03 1A EE,C82D
2026-09-28T11:31:01.425+00:00,1790595064.859336,RX,0011EE1A,0011,EE1A,5,01 00 00 1A EE,C82D
2026-09-28T11:31:01.426+00:00,1790595064.861213,RX,103C0401,103C,0401,4,00 00 00 01,C82D
2026-09-28T11:31:01.427+00:00,1790595064.861341,RX,103C0481,103C,0481,8,00 00 00 00 00 10 5F 14,C82D
2026-09-28T11:31:01.430+00:00,1790595064.864242,RX,00011A23,0001,1A23,7,01 00 00 0F 03 23 1A,C82D
2026-09-28T11:31:01.430+00:00,1790595064.864328,RX,00111A23,0011,1A23,5,01 00 00 23 1A,C82D
2026-09-28T11:31:01.435+00:00,1790595064.869234,RX,0001CA7A,0001,CA7A,7,01 00 00 0F 03 7A CA,C82D
2026-09-28T11:31:01.435+00:00,1790595064.869320,RX,0011CA7A,0011,CA7A,5,01 00 00 7A CA,C82D
2026-09-28T11:31:01.440+00:00,1790595064.874226,RX,0001EE9B,0001,EE9B,7,01 00 00 0F 03 9B EE,C82D
2026-09-28T11:31:01.440+00:00,1790595064.874354,RX,0011EE9B,0011,EE9B,5,01 00 00 9B EE,C82D
2026-09-28T11:31:01.445+00:00,1790595064.879218,RX,00014161,0001,4161,7,01 00 00 0F 03 61 41,C82D
2026-09-28T11:31:01.445+00:00,1790595064.879346,RX,00114161,0011,4161,5,01 00 00 61 41,C82D
2026-09-28T11:31:01.450+00:00,1790595064.884210,RX,0001A2B0,0001,A2B0,7,01 00 00 0F 03 B0 A2,C82D
2026-09-28T11:31:01.450+00:00,1790595064.884338,RX,0011A2B0,0011,A2B0,5,01 00 00 B0 A2,C82D
2026-09-28T11:31:01.455+00:00,1790595064.889202,RX,000192BB,0001,92BB,7,01 00 00 0F 03 BB 92,C82D
2026-09-28T11:31:01.455+00:00,1790595064.889330,RX,001192BB,0011,92BB,5,01 00 00 BB 92,C82D
2026-09-28T11:31:01.460+00:00,1790595064.894237,RX,00014109,0001,4109,7,01 00 00 0F 03 09 41,C82D
2026-09-28T11:31:01.460+00:00,1790595064.894322,RX,00114109,0011,4109,5,01 00 00 09 41,C82D
2026-09-28T11:31:01.465+00:00,1790595064.899229,RX,00010A1D,0001,0A1D,7,01 00 00 0F 03 1D 0A,C82D
2026-09-28T11:31:01.465+00:00,1790595064.899314,RX,00110A1D,0011,0A1D,5,01 00 00 1D 0A,C82D
2026-09-28T11:31:01.470+00:00,1790595064.904220,RX,00011A98,0001,1A98,7,01 00 00 0F 03 98 1A,C82D
2026-09-28T11:31:01.470+00:00,1790595064.904348,RX,00111A98,0011,1A98,5,01 00 00 98 1A,C82D
2026-09-28T11:31:01.475+00:00,1790595064.909212,RX,0001E91B,0001,E91B,7,01 00 00 0F 03 1B E9,C82D
2026-09-28T11:31:01.475+00:00,1790595064.909340,RX,0011E91B,0011,E91B,5,01 00 00 1B E9,C82D
2026-09-28T11:31:01.480+00:00,1790595064.914204,RX,00015850,0001,5850,7,01 00 00 0F 03 50 58,C82D
2026-09-28T11:31:01.480+00:00,1790595064.914332,RX,00115850,0011,5850,5,01 00 00 50 58,C82D
2026-09-28T11:31:01.485+00:00,1790595064.919239,RX,000179F5,0001,79F5,7,01 00 00 0F 03 F5 79,C82D
2026-09-28T11:31:01.485+00:00,1790595064.919324,RX,001179F5,0011,79F5,5,01 00 00 F5 79,C82D
2026-09-28T11:31:01.489+00:00,1790595064.924231,RX,00017251,0001,7251,7,01 00 00 0F 03 51 72,C82D
2026-09-28T11:31:01.489+00:00,1790595064.924316,RX,00117251,0011,7251,5,01 00 00 51 72,C82D
2026-09-28T11:31:01.495+00:00,1790595064.929223,RX,00011FDE,0001,1FDE,7,01 00 00 0F 03 DE 1F,C82D
2026-09-28T11:31:01.495+00:00,1790595064.929351,RX,00111FDE,0011,1FDE,5,01 00 00 DE 1F,C82D
2026-09-28T11:31:01.500+00:00,1790595064.934215,RX,00015C8D,0001,5C8D,7,01 00 00 0F 03 8D 5C,C82D
2026-09-28T11:31:01.500+00:00,1790595064.934343,RX,00115C8D,0011,5C8D,5,01 00 00 8D 5C,C82D
2026-09-28T11:31:01.505+00:00,1790595064.939207,RX,0001F7F4,0001,F7F4,7,01 00 00 0F 03 F4 F7,C82D
2026-09-28T11:31:01.505+00:00,1790595064.939335,RX,0011F7F4,0011,F7F4,5,01 00 00 F4 F7,C82D
2026-09-28T11:31:01.510+00:00,1790595064.944198,RX,0001E571,0001,E571,7,01 00 00 0F 03 71 E5,C82D
2026-09-28T11:31:01.510+00:00,1790595064.944326,RX,0011E571,0011,E571,5,01 00 00 71 E5,C82D
2026-09-28T11:31:01.515+00:00,1790595064.949233,RX,00019D9B,0001,9D9B,7,01 00 00 0F 03 9B 9D,C82D
2026-09-28T11:31:01.515+00:00,1790595064.949318,RX,00119D9B,0011,9D9B,5,01 00 00 9B 9D,C82D
2026-09-28T11:31:01.520+00:00,1790595064.954225,RX,0001E615,0001,E615,7,01 00 00 0F 03 15 E6,C82D
2026-09-28T11:31:01.520+00:00,1790595064.954310,RX,0011E615,0011,E615,5,01 00 00 15 E6,C82D
2026-09-28T11:31:01.525+00:00,1790595064.959217,RX,0001C6DA,0001,C6DA,7,01 00 00 0F 03 DA C6,C82D
2026-09-28T11:31:01.525+00:00,1790595064.959345,RX,0011C6DA,0011,C6DA,5,01 00 00 DA C6,C82D
2026-09-28T11:31:01.530+00:00,1790595064.964209,RX,0001F00A,0001,F00A,7,01 00 00 0F 03 0A F0,C82D
2026-09-28T11:31:01.530+00:00,1790595064.964337,RX,0011F00A,0011,F00A,5,01 00 00 0A F0,C82D
2026-09-28T11:31:01.535+00:00,1790595064.969201,RX,000124F0,0001,24F0,7,01 00 00 0F 03 F0 24,C82D
2026-09-28T11:31:01.535+00:00,1790595064.969329,RX,001124F0,0011,24F0,5,01 00 00 F0 24,C82D
2026-09-28T11:31:01.540+00:00,1790595064.974235,RX,00013BB5,0001,3BB5,7,01 00 00 0F 03 B5 3B,C82D
2026-09-28T11:31:01.540+00:00,1790595064.974321,RX,00113BB5,0011,3BB5,5,01 00 00 B5 3B,C82D
2026-09-28T11:31:01.545+00:00,1790595064.979227,RX,00018F31,0001,8F31,7,01 00 00 0F 03 31 8F,C82D
2026-09-28T11:31:01.545+00:00,1790595064.979313,RX,00118F31,0011,8F31,5,01 00 00 31 8F,C82D
2026-09-28T11:31:01.550+00:00,1790595064.984219,RX,000106D8,0001,06D8,7,01 00 00 0F 03 D8 06,C82D
2026-09-28T11:31:01.550+00:00,1790595064.984347,RX,001106D8,0011,06D8,5,01 00 00 D8 06,C82D
2026-09-28T11:31:01.555+00:00,1790595064.989211,RX,0001A9F7,0001,A9F7,7,01 00 00 0F 03 F7 A9,C82D
2026-09-28T11:31:01.555+00:00,1790595064.989339,RX,0011A9F7,0011,A9F7,5,01 00 00 F7 A9,C82D
2026-09-28T11:31:01.560+00:00,1790595064.994203,RX,0001B1BC,0001,B1BC,7,01 00 00 0F 03 BC B1,C82D
2026-09-28T11:31:01.560+00:00,1790595064.994331,RX,0011B1BC,0011,B1BC,5,01 00 00 BC B1,C82D
2026-09-28T11:31:01.565+00:00,1790595064.999195,RX,0001E521,0001,E521,7,01 00 00 0F 03 21 E5,C82D
2026-09-28T11:31:01.565+00:00,1790595064.999323,RX,0011E521,0011,E521,5,01 00 00 21 E5,C82D
2026-09-28T11:31:01.570+00:00,1790595065.004230,RX,00016A1C,0001,6A1C,7,01 00 00 0F 03 1C 6A,C82D
2026-09-28T11:31:01.570+00:00,1790595065.004315,RX,00116A1C,0011,6A1C,5,01 00 00 1C 6A,C82D
2026-09-28T11:31:01.575+00:00,1790595065.009221,RX,0001817A,0001,817A,7,01 00 00 0F 03 7A 81,C82D
2026-09-28T11:31:01.575+00:00,1790595065.009349,RX,0011817A,0011,817A,5,01 00 00 7A 81,C82D
2026-09-28T11:31:01.580+00:00,1790595065.014213,RX,0001EDB9,0001,EDB9,7,01 00 00 0F 03 B9 ED,C82D
2026-09-28T11:31:01.580+00:00,1790595065.014341,RX,0011EDB9,0011,EDB9,5,01 00 00 B9 ED,C82D
2026-09-28T11:31:01.585+00:00,1790595065.019205,RX,0001EE03,0001,EE03,7,01 00 00 0F 03 03 EE,C82D
