utc,probe_index,repeat_index,probe_family_hex,probe_token_hex,tx_can_id_hex,tx_data_hex,tx_ok,rx_frames_in_window,response_frames,response_103C0401_count,response_103C0481_count,first_response_latency_ms,last_response_latency_ms,response_burst_ms,response_ids,distinct_response_payloads,response_payloads
2026-09-28T12:36:35.218+00:00,1,1,0014,C82D,0014C82D,01 00 00 2D C8,1,0,0,0,0,,,,,0,
2026-09-28T12:36:38.030+00:00,2,4,0081,C82D,0081C82D,01 00 00 2D C8,1,0,0,0,0,,,,,0,
2026-09-28T12:36:40.842+00:00,3,3,0016,C82D,0016C82D,01 00 00 2D C8,1,0,0,0,0,,,,,0,
2026-09-28T12:36:43.655+00:00,4,4,0015,C82D,0015C82D,01 00 00 2D C8,1,0,0,0,0,,,,,0,
2026-09-28T12:36:46.468+00:00,5,5,0020,C82D,0020C82D,01 00 00 2D C8,1,0,0,0,0,,,,,0,
2026-09-28T12:36:49.280+00:00,6,1,0013,C82D,0013C82D,01 00 00 2D C8,1,0,0,0,0,,,,,0,
2026-09-28T12:36:52.092+00:00,7,4,0010,C82D,0010C82D,01 00 00 2D C8,1,0,0,0,0,,,,,0,
2026-09-28T12:36:54.906+00:00,8,5,0012,C82D,0012C82D,01 00 00 2D C8,1,0,0,0,0,,,,,0,
2026-09-28T12:36:57.718+00:00,9,1,0012,C82D,0012C82D,01 00 00 2D C8,1,0,0,0,0,,,,,0,
2026-09-28T12:37:00.530+00:00,10,4,0018,C82D,0018C82D,01 00 00 2D C8,1,0,0,0,0,,,,,0,
2026-09-28T12:37:03.343+00:00,11,3,0018,C82D,0018C82D,01 00 00 2D C8,1,0,0,0,0,,,,,0,
2026-09-28T12:37:06.155+00:00,12,4,0013,C82D,0013C82D,01 00 00 2D C8,1,0,0,0,0,,,,,0,
2026-09-28T12:37:08.968+00:00,13,3,0014,C82D,0014C82D,01 00 00 2D C8,1,0,0,0,0,,,,,0,
2026-09-28T12:37:11.781+00:00,14,3,0019,C82D,0019C82D,01 00 00 2D C8,1,0,0,0,0,,,,,0,
2026-09-28T12:37:14.593+00:00,15,3,0017,C82D,0017C82D,01 00 00 2D C8,1,0,0,0,0,,,,,0,
2026-09-28T12:37:17.405+00:00,16,2,0015,C82D,0015C82D,01 00 00 2D C8,1,0,0,0,0,,,,,0,
2026-09-28T12:37:20.218+00:00,17,2,0018,C82D,0018C82D,01 00 00 2D C8,1,0,0,0,0,,,,,0,
2026-09-28T12:37:23.030+00:00,18,4,0014,C82D,0014C82D,01 00 00 2D C8,1,0,0,0,0,,,,,0,
2026-09-28T12:37:25.842+00:00,19,5,0017,C82D,0017C82D,01 00 00 2D C8,1,0,0,0,0,,,,,0,
2026-09-28T12:37:28.655+00:00,20,2,0014,C82D,0014C82D,01 00 00 2D C8,1,0,0,0,0,,,,,0,
2026-09-28T12:37:31.468+00:00,21,4,0017,C82D,0017C82D,01 00 00 2D C8,1,0,0,0,0,,,,,0,
2026-09-28T12:37:34.281+00:00,22,1,0081,C82D,0081C82D,01 00 00 2D C8,1,0,0,0,0,,,,,0,
2026-09-28T12:37:37.092+00:00,23,3,0015,C82D,0015C82D,01 00 00 2D C8,1,0,0,0,0,,,,,0,
2026-09-28T12:37:39.905+00:00,24,5,0010,C82D,0010C82D,01 00 00 2D C8,1,0,0,0,0,,,,,0,
2026-09-28T12:37:42.718+00:00,25,4,0020,C82D,0020C82D,01 00 00 2D C8,1,0,0,0,0,,,,,0,
2026-09-28T12:37:45.530+00:00,26,2,0019,C82D,0019C82D,01 00 00 2D C8,1,0,0,0,0,,,,,0,
2026-09-28T12:37:48.343+00:00,27,2,0013,C82D,0013C82D,01 00 00 2D C8,1,0,0,0,0,,,,,0,
2026-09-28T12:37:51.155+00:00,28,1,0019,C82D,0019C82D,01 00 00 2D C8,1,0,0,0,0,,,,,0,
2026-09-28T12:37:53.969+00:00,29,3,0010,C82D,0010C82D,01 00 00 2D C8,1,0,0,0,0,,,,,0,
2026-09-28T12:37:56.780+00:00,30,5,0013,C82D,0013C82D,01 00 00 2D C8,1,0,0,0,0,,,,,0,
2026-09-28T12:37:59.593+00:00,31,5,0081,C82D,0081C82D,01 00 00 2D C8,1,0,0,0,0,,,,,0,
2026-09-28T12:38:02.405+00:00,32,4,0016,C82D,0016C82D,01 00 00 2D C8,1,0,0,0,0,,,,,0,
2026-09-28T12:38:05.217+00:00,33,2,0010,C82D,0010C82D,01 00 00 2D C8,1,0,0,0,0,,,,,0,
2026-09-28T12:38:08.030+00:00,34,2,0016,C82D,0016C82D,01 00 00 2D C8,1,0,0,0,0,,,,,0,
2026-09-28T12:38:10.843+00:00,35,5,0019,C82D,0019C82D,01 00 00 2D C8,1,0,0,0,0,,,,,0,
2026-09-28T12:38:13.656+00:00,36,1,0015,C82D,0015C82D,01 00 00 2D C8,1,0,0,0,0,,,,,0,
2026-09-28T12:38:16.467+00:00,37,3,0081,C82D,0081C82D,01 00 00 2D C8,1,0,0,0,0,,,,,0,
2026-09-28T12:38:19.280+00:00,38,3,0020,C82D,0020C82D,01 00 00 2D C8,1,0,0,0,0,,,,,0,
2026-09-28T12:38:22.092+00:00,39,1,0016,C82D,0016C82D,01 00 00 2D C8,1,0,0,0,0,,,,,0,
2026-09-28T12:38:24.905+00:00,40,3,0013,C82D,0013C82D,01 00 00 2D C8,1,0,0,0,0,,,,,0,
2026-09-28T12:38:27.718+00:00,41,5,0016,C82D,0016C82D,01 00 00 2D C8,1,0,0,0,0,,,,,0,
2026-09-28T12:38:30.531+00:00,42,1,0010,C82D,0010C82D,01 00 00 2D C8,1,0,0,0,0,,,,,0,
2026-09-28T12:38:33.343+00:00,43,3,0012,C82D,0012C82D,01 00 00 2D C8,1,0,0,0,0,,,,,0,
2026-09-28T12:38:36.156+00:00,44,1,0018,C82D,0018C82D,01 00 00 2D C8,1,0,0,0,0,,,,,0,
2026-09-28T12:38:38.967+00:00,45,2,0020,C82D,0020C82D,01 00 00 2D C8,1,0,0,0,0,,,,,0,
2026-09-28T12:38:41.781+00:00,46,5,0018,C82D,0018C82D,01 00 00 2D C8,1,0,0,0,0,,,,,0,
2026-09-28T12:38:44.594+00:00,47,4,0019,C82D,0019C82D,01 00 00 2D C8,1,0,0,0,0,,,,,0,
2026-09-28T12:38:47.405+00:00,48,2,0081,C82D,0081C82D,01 00 00 2D C8,1,0,0,0,0,,,,,0,
2026-09-28T12:38:50.217+00:00,49,5,0015,C82D,0015C82D,01 00 00 2D C8,1,0,0,0,0,,,,,0,
2026-09-28T12:38:53.030+00:00,50,2,0017,C82D,0017C82D,01 00 00 2D C8,1,0,0,0,0,,,,,0,
2026-09-28T12:38:55.843+00:00,51,1,0017,C82D,0017C82D,01 00 00 2D C8,1,0,0,0,0,,,,,0,
2026-09-28T12:38:58.655+00:00,52,4,0012,C82D,0012C82D,01 00 00 2D C8,1,0,0,0,0,,,,,0,
2026-09-28T12:39:01.467+00:00,53,2,0012,C82D,0012C82D,01 00 00 2D C8,1,0,0,0,0,,,,,0,
2026-09-28T12:39:04.280+00:00,54,5,0014,C82D,0014C82D,01 00 00 2D C8,1,0,0,0,0,,,,,0,
2026-09-28T12:39:07.094+00:00,55,1,0020,C82D,0020C82D,01 00 00 2D C8,1,0,0,0,0,,,,,0,
